AIRPORT_SEQ_ID,AIRPORT_ID,AIRPORT,DISPLAY_AIRPORT_NAME,DISPLAY_AIRPORT_CITY_NAME_FULL,AIRPORT_WAC_SEQ_ID2,AIRPORT_WAC,AIRPORT_COUNTRY_NAME,AIRPORT_COUNTRY_CODE_ISO,AIRPORT_STATE_NAME,AIRPORT_STATE_CODE,AIRPORT_STATE_FIPS,CITY_MARKET_SEQ_ID,CITY_MARKET_ID,DISPLAY_CITY_MARKET_NAME_FULL,CITY_MARKET_WAC_SEQ_ID2,CITY_MARKET_WAC,LAT_DEGREES,LAT_HEMISPHERE,LAT_MINUTES,LAT_SECONDS,LATITUDE,LON_DEGREES,LON_HEMISPHERE,LON_MINUTES,LON_SECONDS,LONGITUDE,UTC_LOCAL_TIME_VARIATION,AIRPORT_START_DATE,AIRPORT_THRU_DATE,AIRPORT_IS_CLOSED,AIRPORT_IS_LATEST
1013505,10135,ABE,Lehigh Valley International,"Allentown/Bethlehem/Easton, PA",2301,23,United States,US,Pennsylvania,PA,42,3013501,30135,"Allentown/Bethlehem/Easton, PA",2301,23,40,N,39,8,40.65222222,75,W,26,26,-75.44055556,-0500,12/1/2017 12:00:00 AM,11/30/2019 12:00:00 AM,0,0
1013506,10135,ABE,Lehigh Valley International,"Allentown/Bethlehem/Easton, PA",2301,23,United States,US,Pennsylvania,PA,42,3013501,30135,"Allentown/Bethlehem/Easton, PA",2301,23,40,N,39,9,40.65250000,75,W,26,25,-75.44027778,-0500,12/1/2019 12:00:00 AM,6/30/2025 12:00:00 AM,0,0
1013602,10136,ABI,Abilene Regional,"Abilene, TX",7401,74,United States,US,Texas,TX,48,3013601,30136,"Abilene, TX",7401,74,32,N,24,40,32.41111111,99,W,40,54,-99.68166667,-0600,9/1/1990 12:00:00 AM,6/30/2011 12:00:00 AM,0,0
1013603,10136,ABI,Abilene Regional,"Abilene, TX",7401,74,United States,US,Texas,TX,48,3013601,30136,"Abilene, TX",7401,74,32,N,24,41,32.41138889,99,W,40,55,-99.68194444,-0600,7/1/2011 12:00:00 AM,6/30/2025 12:00:00 AM,0,0
1014001,10140,ABQ,Albuquerque International Sunport,"Albuquerque, NM",8601,86,United States,US,New Mexico,NM,35,3014001,30140,"Albuquerque, NM",8601,86,35,N,2,30,35.04166667,106,W,36,23,-106.60638889,-0700,1/1/1950 12:00:00 AM,6/30/2011 12:00:00 AM,0,0
1014002,10140,ABQ,Albuquerque International Sunport,"Albuquerque, NM",8601,86,United States,US,New Mexico,NM,35,3014001,30140,"Albuquerque, NM",8601,86,35,N,2,25,35.04027778,106,W,36,33,-106.60916667,-0700,7/1/2011 12:00:00 AM,5/31/2014 12:00:00 AM,0,0
1014003,10140,ABQ,Albuquerque International Sunport,"Albuquerque, NM",8601,86,United States,US,New Mexico,NM,35,3014001,30140,"Albuquerque, NM",8601,86,35,N,2,20,35.03888889,106,W,36,30,-106.60833333,-0700,6/1/2014 12:00:00 AM,10/31/2017 12:00:00 AM,0,0
1014004,10140,ABQ,Albuquerque International Sunport,"Albuquerque, NM",8601,86,United States,US,New Mexico,NM,35,3014001,30140,"Albuquerque, NM",8601,86,35,N,2,25,35.04027778,106,W,36,33,-106.60916667,-0700,11/1/2017 12:00:00 AM,11/30/2017 12:00:00 AM,0,0
1014005,10140,ABQ,Albuquerque International Sunport,"Albuquerque, NM",8601,86,United States,US,New Mexico,NM,35,3014001,30140,"Albuquerque, NM",8601,86,35,N,2,20,35.03888889,106,W,36,30,-106.60833333,-0700,12/1/2017 12:00:00 AM,6/30/2025 12:00:00 AM,0,0
1015502,10155,ACT,Waco Regional,"Waco, TX",7401,74,United States,US,Texas,TX,48,3015501,30155,"Waco, TX",7401,74,31,N,36,44,31.61222222,97,W,13,49,-97.23027778,-0600,7/1/2011 12:00:00 AM,6/30/2025 12:00:00 AM,0,0
1015701,10157,ACV,Arcata,"Arcata/Eureka, CA",9101,91,United States,US,California,CA,06,3015701,30157,"Eureka/Arcata, CA",9101,91,40,N,58,45,40.97916667,124,W,6,27,-124.10750000,-0800,1/1/1950 12:00:00 AM,6/30/2011 12:00:00 AM,0,0
1015706,10157,ACV,California Redwood Coast Humboldt County,"Arcata/Eureka, CA",9101,91,United States,US,California,CA,06,3015701,30157,"Eureka/Arcata, CA",9101,91,40,N,58,40,40.97777778,124,W,6,30,-124.10833333,-0800,12/1/2017 12:00:00 AM,,0,1
1015804,10158,ACY,Atlantic City International,"Atlantic City, NJ",2101,21,United States,US,New Jersey,NJ,34,3015801,30158,"Atlantic City, NJ",2101,21,39,N,27,27,39.45750000,74,W,34,38,-74.57722222,-0500,7/1/2011 12:00:00 AM,6/30/2025 12:00:00 AM,0,0
1019401,10194,AFW,Fort Worth Alliance,"Dallas/Fort Worth, TX",7401,74,United States,US,Texas,TX,48,3019401,30194,"Dallas/Fort Worth, TX",7401,74,32,N,59,12,32.98666667,97,W,19,3,-97.31750000,-0600,3/1/1990 12:00:00 AM,6/30/2011 12:00:00 AM,0,0
1019402,10194,AFW,Fort Worth Alliance,"Dallas/Fort Worth, TX",7401,74,United States,US,Texas,TX,48,3019401,30194,"Dallas/Fort Worth, TX",7401,74,32,N,59,16,32.98777778,97,W,19,8,-97.31888889,-0600,7/1/2011 12:00:00 AM,4/30/2016 12:00:00 AM,0,0
1020802,10208,AGS,Augusta Regional at Bush Field,"Augusta, GA",3401,34,United States,US,Georgia,GA,13,3020801,30208,"Augusta, GA",3401,34,33,N,22,9,33.36916667,81,W,57,52,-81.96444444,-0500,7/1/2000 12:00:00 AM,6/30/2011 12:00:00 AM,0,0
1020803,10208,AGS,Augusta Regional at Bush Field,"Augusta, GA",3401,34,United States,US,Georgia,GA,13,3020801,30208,"Augusta, GA",3401,34,33,N,22,12,33.37000000,81,W,57,52,-81.96444444,-0500,7/1/2011 12:00:00 AM,,0,1
1025701,10257,ALB,Albany International,"Albany, NY",2201,22,United States,US,New York,NY,36,3025701,30257,"Albany, NY",2201,22,42,N,44,45,42.74583333,73,W,48,19,-73.80527778,-0500,1/1/1950 12:00:00 AM,6/30/2011 12:00:00 AM,0,0
1025702,10257,ALB,Albany International,"Albany, NY",2201,22,United States,US,New York,NY,36,3025701,30257,"Albany, NY",2201,22,42,N,44,57,42.74916667,73,W,48,7,-73.80194444,-0500,7/1/2011 12:00:00 AM,6/30/2025 12:00:00 AM,0,0
1027901,10279,AMA,Amarillo International,"Amarillo, TX",7401,74,United States,US,Texas,TX,48,3027901,30279,"Amarillo, TX",7401,74,35,N,13,38,35.22722222,101,W,43,19,-101.72194444,-0600,1/1/1950 12:00:00 AM,1/31/2003 12:00:00 AM,0,0
1027902,10279,AMA,Rick Husband Amarillo International,"Amarillo, TX",7401,74,United States,US,Texas,TX,48,3027901,30279,"Amarillo, TX",7401,74,35,N,13,38,35.22722222,101,W,43,19,-101.72194444,-0600,2/1/2003 12:00:00 AM,6/30/2011 12:00:00 AM,0,0
1027903,10279,AMA,Rick Husband Amarillo International,"Amarillo, TX",7401,74,United States,US,Texas,TX,48,3027901,30279,"Amarillo, TX",7401,74,35,N,13,10,35.21944444,101,W,42,21,-101.70583333,-0600,7/1/2011 12:00:00 AM,6/30/2025 12:00:00 AM,0,0
1029901,10299,ANC,Anchorage International,"Anchorage, AK",101,1,United States,US,Alaska,AK,02,3029901,30299,"Anchorage, AK",101,1,61,N,10,9,61.16916667,149,W,59,7,-149.98527778,-0900,1/1/1950 12:00:00 AM,12/31/1999 12:00:00 AM,0,0
1029902,10299,ANC,Ted Stevens Anchorage International,"Anchorage, AK",101,1,United States,US,Alaska,AK,02,3029901,30299,"Anchorage, AK",101,1,61,N,10,28,61.17444444,149,W,59,46,-149.99611111,-0900,1/1/2000 12:00:00 AM,6/30/2011 12:00:00 AM,0,0
1029903,10299,ANC,Ted Stevens Anchorage International,"Anchorage, AK",101,1,United States,US,Alaska,AK,02,3029901,30299,"Anchorage, AK",101,1,61,N,10,28,61.17444444,149,W,59,47,-149.99638889,-0900,7/1/2011 12:00:00 AM,9/30/2011 12:00:00 AM,0,0
1029904,10299,ANC,Ted Stevens Anchorage International,"Anchorage, AK",101,1,United States,US,Alaska,AK,02,3029901,30299,"Anchorage, AK",101,1,61,N,10,27,61.17416667,149,W,59,53,-149.99805556,-0900,10/1/2011 12:00:00 AM,10/31/2017 12:00:00 AM,0,0
1029906,10299,ANC,Ted Stevens Anchorage International,"Anchorage, AK",101,1,United States,US,Alaska,AK,02,3029901,30299,"Anchorage, AK",101,1,61,N,10,27,61.17416667,149,W,59,53,-149.99805556,-0900,12/1/2017 12:00:00 AM,,0,1
1037201,10372,ASE,Aspen Pitkin County Sardy Field,"Aspen, CO",8201,82,United States,US,Colorado,CO,08,3037201,30372,"Aspen, CO",8201,82,39,N,13,27,39.22416667,106,W,52,8,-106.86888889,-0700,1/1/1950 12:00:00 AM,6/30/2011 12:00:00 AM,0,0
1037203,10372,ASE,Aspen Pitkin County Sardy Field,"Aspen, CO",8201,82,United States,US,Colorado,CO,08,3037201,30372,"Aspen, CO",8201,82,39,N,13,19,39.22194444,106,W,52,6,-106.86833333,-0700,7/1/2012 12:00:00 AM,10/31/2017 12:00:00 AM,0,0
1037205,10372,ASE,Aspen Pitkin County Sardy Field,"Aspen, CO",8201,82,United States,US,Colorado,CO,08,3037201,30372,"Aspen, CO",8201,82,39,N,13,19,39.22194444,106,W,52,6,-106.86833333,-0700,12/1/2017 12:00:00 AM,,0,1
1039702,10397,ATL,William B. Hartsfield Atlanta International,"Atlanta, GA",3401,34,United States,US,Georgia,GA,13,3039701,30397,"Atlanta, GA (Metropolitan Area)",3401,34,33,N,38,27,33.64083333,84,W,25,38,-84.42722222,-0500,7/1/1971 12:00:00 AM,9/30/2003 12:00:00 AM,0,0
1039703,10397,ATL,Hartsfield-Jackson Atlanta International,"Atlanta, GA",3401,34,United States,US,Georgia,GA,13,3039701,30397,"Atlanta, GA (Metropolitan Area)",3401,34,33,N,38,27,33.64083333,84,W,25,38,-84.42722222,-0500,10/1/2003 12:00:00 AM,6/30/2011 12:00:00 AM,0,0
1039704,10397,ATL,Hartsfield-Jackson Atlanta International,"Atlanta, GA",3401,34,United States,US,Georgia,GA,13,3039701,30397,"Atlanta, GA (Metropolitan Area)",3401,34,33,N,38,12,33.63666667,84,W,25,41,-84.42805556,-0500,7/1/2011 12:00:00 AM,5/31/2012 12:00:00 AM,0,0
1039705,10397,ATL,Hartsfield-Jackson Atlanta International,"Atlanta, GA",3401,34,United States,US,Georgia,GA,13,3039701,30397,"Atlanta, GA (Metropolitan Area)",3401,34,33,N,38,12,33.63666667,84,W,25,40,-84.42777778,-0500,6/1/2012 12:00:00 AM,10/31/2017 12:00:00 AM,0,0
1039706,10397,ATL,Hartsfield-Jackson Atlanta International,"Atlanta, GA",3401,34,United States,US,Georgia,GA,13,3039701,30397,"Atlanta, GA (Metropolitan Area)",3401,34,33,N,38,12,33.63666667,84,W,25,41,-84.42805556,-0500,11/1/2017 12:00:00 AM,11/30/2017 12:00:00 AM,0,0
1039707,10397,ATL,Hartsfield-Jackson Atlanta International,"Atlanta, GA",3401,34,United States,US,Georgia,GA,13,3039701,30397,"Atlanta, GA (Metropolitan Area)",3401,34,33,N,38,12,33.63666667,84,W,25,40,-84.42777778,-0500,12/1/2017 12:00:00 AM,6/30/2025 12:00:00 AM,0,0
1040802,10408,ATW,Outagamie County Regional,"Appleton, WI",4501,45,United States,US,Wisconsin,WI,55,3040801,30408,"Appleton, WI",4501,45,44,N,15,29,44.25805556,88,W,31,9,-88.51916667,-0600,7/1/2011 12:00:00 AM,8/31/2015 12:00:00 AM,0,0
1040805,10408,ATW,Appleton International,"Appleton, WI",4501,45,United States,US,Wisconsin,WI,55,3040801,30408,"Appleton, WI",4501,45,44,N,15,29,44.25805556,88,W,31,9,-88.51916667,-0600,12/1/2017 12:00:00 AM,,0,1
1042302,10423,AUS,Austin - Bergstrom International,"Austin, TX",7401,74,United States,US,Texas,TX,48,3042301,30423,"Austin, TX",7401,74,30,N,11,40,30.19444444,97,W,40,12,-97.67000000,-0600,6/1/1999 12:00:00 AM,,0,1
1046602,10466,AZA,Phoenix - Mesa Gateway,"Phoenix, AZ",8101,81,United States,US,Arizona,AZ,04,3046601,30466,"Phoenix, AZ",8101,81,33,N,18,28,33.30777778,111,W,39,20,-111.65555556,-0700,1/1/2008 12:00:00 AM,6/30/2025 12:00:00 AM,0,0
1052902,10529,BDL,Bradley International,"Hartford, CT",1101,11,United States,US,Connecticut,CT,09,3052901,30529,"Hartford, CT",1101,11,41,N,56,15,41.93750000,72,W,40,59,-72.68305556,-0500,12/1/1979 12:00:00 AM,6/30/2011 12:00:00 AM,0,0
1052903,10529,BDL,Bradley International,"Hartford, CT",1101,11,United States,US,Connecticut,CT,09,3052901,30529,"Hartford, CT",1101,11,41,N,56,20,41.93888889,72,W,41,0,-72.68333333,-0500,7/1/2011 12:00:00 AM,12/31/2011 12:00:00 AM,0,0
1052904,10529,BDL,Bradley International,"Hartford, CT",1101,11,United States,US,Connecticut,CT,09,3052901,30529,"Hartford, CT",1101,11,41,N,56,21,41.93916667,72,W,41,0,-72.68333333,-0500,1/1/2012 12:00:00 AM,10/31/2017 12:00:00 AM,0,0
1052906,10529,BDL,Bradley International,"Hartford, CT",1101,11,United States,US,Connecticut,CT,09,3052901,30529,"Hartford, CT",1101,11,41,N,56,21,41.93916667,72,W,41,0,-72.68333333,-0500,12/1/2017 12:00:00 AM,9/30/2022 12:00:00 AM,0,0
1052907,10529,BDL,Bradley International,"Hartford, CT",1101,11,United States,US,Connecticut,CT,09,3052901,30529,"Hartford, CT",1101,11,41,N,56,21,41.93916667,72,W,41,4,-72.68444444,-0500,10/1/2022 12:00:00 AM,,0,1
1055803,10558,BFF,Western Neb. Regional/William B. Heilig Field,"Scottsbluff, NE",6501,65,United States,US,Nebraska,NE,31,3055801,30558,"Scottsbluff, NE",6501,65,41,N,52,27,41.87416667,103,W,35,44,-103.59555556,-0700,7/1/2011 12:00:00 AM,6/30/2025 12:00:00 AM,0,0
1056102,10561,BFL,Meadows Field,"Bakersfield, CA",9101,91,United States,US,California,CA,06,3056101,30561,"Bakersfield, CA",9101,91,35,N,26,1,35.43361111,119,W,3,24,-119.05666667,-0800,12/1/1995 12:00:00 AM,6/30/2011 12:00:00 AM,0,0
1056103,10561,BFL,Meadows Field,"Bakersfield, CA",9101,91,United States,US,California,CA,06,3056101,30561,"Bakersfield, CA",9101,91,35,N,26,2,35.43388889,119,W,3,28,-119.05777778,-0800,7/1/2011 12:00:00 AM,6/30/2025 12:00:00 AM,0,0
1059902,10599,BHM,Birmingham International,"Birmingham, AL",5101,51,United States,US,Alabama,AL,01,3059901,30599,"Birmingham, AL",5101,51,33,N,33,47,33.56305556,86,W,45,20,-86.75555556,-0600,10/1/1993 12:00:00 AM,9/30/2008 12:00:00 AM,0,0
1059903,10599,BHM,Birmingham-Shuttlesworth International,"Birmingham, AL",5101,51,United States,US,Alabama,AL,01,3059901,30599,"Birmingham, AL",5101,51,33,N,33,47,33.56305556,86,W,45,20,-86.75555556,-0600,10/1/2008 12:00:00 AM,6/30/2011 12:00:00 AM,0,0
1059904,10599,BHM,Birmingham-Shuttlesworth International,"Birmingham, AL",5101,51,United States,US,Alabama,AL,01,3059901,30599,"Birmingham, AL",5101,51,33,N,33,50,33.56388889,86,W,45,8,-86.75222222,-0600,7/1/2011 12:00:00 AM,,0,1
1062001,10620,BIL,Billings Logan International,"Billings, MT",8401,84,United States,US,Montana,MT,30,3062001,30620,"Billings, MT",8401,84,45,N,48,25,45.80694444,108,W,32,34,-108.54277778,-0700,1/1/1950 12:00:00 AM,6/30/2011 12:00:00 AM,0,0
1062002,10620,BIL,Billings Logan International,"Billings, MT",8401,84,United States,US,Montana,MT,30,3062001,30620,"Billings, MT",8401,84,45,N,48,28,45.80777778,108,W,32,34,-108.54277778,-0700,7/1/2011 12:00:00 AM,11/30/2017 12:00:00 AM,0,0
1062003,10620,BIL,Billings Logan International,"Billings, MT",8401,84,United States,US,Montana,MT,30,3062001,30620,"Billings, MT",8401,84,45,N,48,28,45.80777778,108,W,32,37,-108.54361111,-0700,12/1/2017 12:00:00 AM,,0,1
1062701,10627,BIS,Bismarck Municipal,"Bismarck/Mandan, ND",6601,66,United States,US,North Dakota,ND,38,3062701,30627,"Bismarck/Mandan, ND",6601,66,46,N,46,44,46.77888889,100,W,45,9,-100.75250000,-0600,1/1/1950 12:00:00 AM,6/30/2011 12:00:00 AM,0,0
1066601,10666,BLI,Bellingham International,"Bellingham, WA",9301,93,United States,US,Washington,WA,53,3066601,30666,"Bellingham, WA",9301,93,48,N,47,40,48.79444444,122,W,32,5,-122.53472222,-0800,1/1/1950 12:00:00 AM,6/30/2011 12:00:00 AM,0,0
1066602,10666,BLI,Bellingham International,"Bellingham, WA",9301,93,United States,US,Washington,WA,53,3066601,30666,"Bellingham, WA",9301,93,48,N,47,34,48.79277778,122,W,32,15,-122.53750000,-0800,7/1/2011 12:00:00 AM,,0,1
1068502,10685,BMI,Central Illinois Regional,"Bloomington/Normal, IL",4101,41,United States,US,Illinois,IL,17,3068501,30685,"Bloomington/Normal, IL",4101,41,40,N,28,38,40.47722222,88,W,54,57,-88.91583333,-0600,7/1/2011 12:00:00 AM,6/30/2019 12:00:00 AM,0,0
1069301,10693,BNA,Nashville International,"Nashville, TN",5401,54,United States,US,Tennessee,TN,47,3069301,30693,"Nashville, TN",5401,54,36,N,7,36,36.12666667,86,W,40,55,-86.68194444,-0600,1/1/1950 12:00:00 AM,6/30/2011 12:00:00 AM,0,0
1069302,10693,BNA,Nashville International,"Nashville, TN",5401,54,United States,US,Tennessee,TN,47,3069301,30693,"Nashville, TN",5401,54,36,N,7,28,36.12444444,86,W,40,41,-86.67805556,-0600,7/1/2011 12:00:00 AM,6/30/2025 12:00:00 AM,0,0
1071301,10713,BOI,Boise Air Terminal,"Boise, ID",8301,83,United States,US,Idaho,ID,16,3071301,30713,"Boise, ID",8301,83,43,N,33,55,43.56527778,116,W,13,30,-116.22500000,-0700,1/1/1950 12:00:00 AM,6/30/2011 12:00:00 AM,0,0
1071302,10713,BOI,Boise Air Terminal,"Boise, ID",8301,83,United States,US,Idaho,ID,16,3071301,30713,"Boise, ID",8301,83,43,N,33,52,43.56444444,116,W,13,22,-116.22277778,-0700,7/1/2011 12:00:00 AM,,0,1
1072101,10721,BOS,Logan International,"Boston, MA",1301,13,United States,US,Massachusetts,MA,25,3072101,30721,"Boston, MA (Metropolitan Area)",1301,13,42,N,21,49,42.36361111,71,W,0,22,-71.00611111,-0500,1/1/1950 12:00:00 AM,6/30/2011 12:00:00 AM,0,0
1072102,10721,BOS,Logan International,"Boston, MA",1301,13,United States,US,Massachusetts,MA,25,3072101,30721,"Boston, MA (Metropolitan Area)",1301,13,42,N,21,47,42.36305556,71,W,0,23,-71.00638889,-0500,7/1/2011 12:00:00 AM,6/30/2025 12:00:00 AM,0,0
1077901,10779,BTM,Bert Mooney,"Butte, MT",8401,84,United States,US,Montana,MT,30,3077901,30779,"Butte, MT",8401,84,45,N,57,4,45.95111111,112,W,29,38,-112.49388889,-0700,1/1/1950 12:00:00 AM,6/30/2011 12:00:00 AM,0,0
1077902,10779,BTM,Bert Mooney,"Butte, MT",8401,84,United States,US,Montana,MT,30,3077901,30779,"Butte, MT",8401,84,45,N,57,17,45.95472222,112,W,29,51,-112.49750000,-0700,7/1/2011 12:00:00 AM,6/30/2025 12:00:00 AM,0,0
1078102,10781,BTR,Baton Rouge Metropolitan/Ryan Field,"Baton Rouge, LA",7201,72,United States,US,Louisiana,LA,22,3078101,30781,"Baton Rouge, LA",7201,72,30,N,31,58,30.53277778,91,W,9,0,-91.15000000,-0600,7/1/2011 12:00:00 AM,7/31/2015 12:00:00 AM,0,0
1078105,10781,BTR,Baton Rouge Metropolitan/Ryan Field,"Baton Rouge, LA",7201,72,United States,US,Louisiana,LA,22,3078101,30781,"Baton Rouge, LA",7201,72,30,N,31,59,30.53305556,91,W,9,0,-91.15000000,-0600,12/1/2017 12:00:00 AM,,0,1
1078502,10785,BTV,Burlington International,"Burlington, VT",1601,16,United States,US,Vermont,VT,50,3078501,30785,"Burlington, VT",1601,16,44,N,28,19,44.47194444,73,W,9,12,-73.15333333,-0500,7/1/2011 12:00:00 AM,6/30/2025 12:00:00 AM,0,0
1079202,10792,BUF,Buffalo Niagara International,"Buffalo, NY",2201,22,United States,US,New York,NY,36,3079201,30792,"Buffalo, NY",2201,22,42,N,56,26,42.94055556,78,W,43,57,-78.73250000,-0500,9/1/1983 12:00:00 AM,6/30/2011 12:00:00 AM,0,0
1079203,10792,BUF,Buffalo Niagara International,"Buffalo, NY",2201,22,United States,US,New York,NY,36,3079201,30792,"Buffalo, NY",2201,22,42,N,56,26,42.94055556,78,W,43,56,-78.73222222,-0500,7/1/2011 12:00:00 AM,9/30/2011 12:00:00 AM,0,0
1079204,10792,BUF,Buffalo Niagara International,"Buffalo, NY",2201,22,United States,US,New York,NY,36,3079201,30792,"Buffalo, NY",2201,22,42,N,56,26,42.94055556,78,W,43,50,-78.73055556,-0500,10/1/2011 12:00:00 AM,10/31/2017 12:00:00 AM,0,0
1079206,10792,BUF,Buffalo Niagara International,"Buffalo, NY",2201,22,United States,US,New York,NY,36,3079201,30792,"Buffalo, NY",2201,22,42,N,56,26,42.94055556,78,W,43,50,-78.73055556,-0500,12/1/2017 12:00:00 AM,,0,1
1080001,10800,BUR,Hollywood-Burbank Midpoint,"Burbank, CA",9101,91,United States,US,California,CA,06,3257501,32575,"Los Angeles, CA (Metropolitan Area)",9101,91,34,N,12,0,34.20000000,118,W,21,28,-118.35777778,-0800,1/1/1950 12:00:00 AM,11/30/2002 12:00:00 AM,0,0
1080002,10800,BUR,Bob Hope,"Burbank, CA",9101,91,United States,US,California,CA,06,3257501,32575,"Los Angeles, CA (Metropolitan Area)",9101,91,34,N,12,0,34.20000000,118,W,21,28,-118.35777778,-0800,12/1/2002 12:00:00 AM,6/30/2011 12:00:00 AM,0,0
1080003,10800,BUR,Bob Hope,"Burbank, CA",9101,91,United States,US,California,CA,06,3257501,32575,"Los Angeles, CA (Metropolitan Area)",9101,91,34,N,12,2,34.20055556,118,W,21,31,-118.35861111,-0800,7/1/2011 12:00:00 AM,,0,1
1082102,10821,BWI,Baltimore/Washington International,"Baltimore, MD",3501,35,United States,US,Maryland,MD,24,3085201,30852,"Washington, DC (Metropolitan Area)",3201,32,39,N,10,30,39.17500000,76,W,40,12,-76.67000000,-0500,4/1/1981 12:00:00 AM,9/30/2005 12:00:00 AM,0,0
1082103,10821,BWI,Baltimore/Washington International Thurgood Marshall,"Baltimore, MD",3501,35,United States,US,Maryland,MD,24,3085201,30852,"Washington, DC (Metropolitan Area)",3201,32,39,N,10,31,39.17527778,76,W,40,6,-76.66833333,-0500,10/1/2005 12:00:00 AM,1/31/2016 12:00:00 AM,0,0
1082104,10821,BWI,Baltimore/Washington International Thurgood Marshall,"Baltimore, MD",3501,35,United States,US,Maryland,MD,24,3085201,30852,"Washington, DC (Metropolitan Area)",3201,32,39,N,10,33,39.17583333,76,W,40,8,-76.66888889,-0500,2/1/2016 12:00:00 AM,10/31/2017 12:00:00 AM,0,0
1082105,10821,BWI,Baltimore/Washington International Thurgood Marshall,"Baltimore, MD",3501,35,United States,US,Maryland,MD,24,3085201,30852,"Washington, DC (Metropolitan Area)",3201,32,39,N,10,31,39.17527778,76,W,40,6,-76.66833333,-0500,11/1/2017 12:00:00 AM,11/30/2017 12:00:00 AM,0,0
1082106,10821,BWI,Baltimore/Washington International Thurgood Marshall,"Baltimore, MD",3501,35,United States,US,Maryland,MD,24,3085201,30852,"Washington, DC (Metropolitan Area)",3201,32,39,N,10,33,39.17583333,76,W,40,8,-76.66888889,-0500,12/1/2017 12:00:00 AM,,0,1
1084901,10849,BZN,Gallatin Field,"Bozeman, MT",8401,84,United States,US,Montana,MT,30,3084901,30849,"Bozeman, MT",8401,84,45,N,46,49,45.78027778,111,W,9,34,-111.15944444,-0700,1/1/1950 12:00:00 AM,6/30/2011 12:00:00 AM,0,0
1084902,10849,BZN,Gallatin Field,"Bozeman, MT",8401,84,United States,US,Montana,MT,30,3084901,30849,"Bozeman, MT",8401,84,45,N,46,39,45.77750000,111,W,9,7,-111.15194444,-0700,7/1/2011 12:00:00 AM,2/29/2012 12:00:00 AM,0,0
1084903,10849,BZN,Bozeman Yellowstone International,"Bozeman, MT",8401,84,United States,US,Montana,MT,30,3084901,30849,"Bozeman, MT",8401,84,45,N,46,39,45.77750000,111,W,9,7,-111.15194444,-0700,3/1/2012 12:00:00 AM,10/31/2017 12:00:00 AM,0,0
1084904,10849,BZN,Gallatin Field,"Bozeman, MT",8401,84,United States,US,Montana,MT,30,3084901,30849,"Bozeman, MT",8401,84,45,N,46,39,45.77750000,111,W,9,7,-111.15194444,-0700,11/1/2017 12:00:00 AM,11/30/2017 12:00:00 AM,0,0
1084905,10849,BZN,Bozeman Yellowstone International,"Bozeman, MT",8401,84,United States,US,Montana,MT,30,3084901,30849,"Bozeman, MT",8401,84,45,N,46,38,45.77722222,111,W,9,1,-111.15027778,-0700,12/1/2017 12:00:00 AM,6/30/2019 12:00:00 AM,0,0
1084906,10849,BZN,Bozeman Yellowstone International,"Bozeman, MT",8401,84,United States,US,Montana,MT,30,3084901,30849,"Bozeman, MT",8401,84,45,N,46,38,45.77722222,111,W,9,2,-111.15055556,-0700,7/1/2019 12:00:00 AM,10/31/2019 12:00:00 AM,0,0
1084907,10849,BZN,Bozeman Yellowstone International,"Bozeman, MT",8401,84,United States,US,Montana,MT,30,3084901,30849,"Bozeman, MT",8401,84,45,N,46,38,45.77722222,111,W,9,1,-111.15027778,-0700,11/1/2019 12:00:00 AM,,0,1
1086803,10868,CAE,Columbia Metropolitan,"Columbia, SC",3701,37,United States,US,South Carolina,SC,45,3086801,30868,"Columbia, SC",3701,37,33,N,56,20,33.93888889,81,W,7,10,-81.11944444,-0500,7/1/2011 12:00:00 AM,,0,1
1091801,10918,CDC,Cedar City Regional,"Cedar City, UT",8701,87,United States,US,Utah,UT,49,3091801,30918,"Cedar City, UT",8701,87,37,N,42,9,37.70250000,113,W,5,46,-113.09611111,-0700,1/1/1950 12:00:00 AM,6/30/2011 12:00:00 AM,0,0
1091802,10918,CDC,Cedar City Regional,"Cedar City, UT",8701,87,United States,US,Utah,UT,49,3091801,30918,"Cedar City, UT",8701,87,37,N,42,3,37.70083333,113,W,5,56,-113.09888889,-0700,7/1/2011 12:00:00 AM,6/30/2025 12:00:00 AM,0,0
1098002,10980,CHA,Lovell Field,"Chattanooga, TN",5401,54,United States,US,Tennessee,TN,47,3098001,30980,"Chattanooga, TN",5401,54,35,N,2,7,35.03527778,85,W,12,13,-85.20361111,-0500,7/1/2011 12:00:00 AM,6/30/2025 12:00:00 AM,0,0
1099402,10994,CHS,Charleston AFB/International,"Charleston, SC",3701,37,United States,US,South Carolina,SC,45,3099401,30994,"Charleston, SC",3701,37,32,N,53,55,32.89861111,80,W,2,26,-80.04055556,-0500,7/1/2011 12:00:00 AM,,0,1
1100302,11003,CID,The Eastern Iowa,"Cedar Rapids/Iowa City, IA",6101,61,United States,US,Iowa,IA,19,3100301,31003,"Cedar Rapids/Iowa City, IA",6101,61,41,N,53,4,41.88444444,91,W,42,22,-91.70611111,-0600,1/1/1998 12:00:00 AM,6/30/2011 12:00:00 AM,0,0
1100303,11003,CID,The Eastern Iowa,"Cedar Rapids/Iowa City, IA",6101,61,United States,US,Iowa,IA,19,3100301,31003,"Cedar Rapids/Iowa City, IA",6101,61,41,N,53,5,41.88472222,91,W,42,39,-91.71083333,-0600,7/1/2011 12:00:00 AM,,0,1
1104201,11042,CLE,Cleveland-Hopkins International,"Cleveland, OH",4401,44,United States,US,Ohio,OH,39,3064701,30647,"Cleveland, OH (Metropolitan Area)",4401,44,41,N,24,39,41.41083333,81,W,50,58,-81.84944444,-0500,1/1/1950 12:00:00 AM,6/30/2011 12:00:00 AM,0,0
1104202,11042,CLE,Cleveland-Hopkins International,"Cleveland, OH",4401,44,United States,US,Ohio,OH,39,3064701,30647,"Cleveland, OH (Metropolitan Area)",4401,44,41,N,24,34,41.40944444,81,W,51,18,-81.85500000,-0500,7/1/2011 12:00:00 AM,5/31/2014 12:00:00 AM,0,0
1104203,11042,CLE,Cleveland-Hopkins International,"Cleveland, OH",4401,44,United States,US,Ohio,OH,39,3064701,30647,"Cleveland, OH (Metropolitan Area)",4401,44,41,N,24,34,41.40944444,81,W,51,17,-81.85472222,-0500,6/1/2014 12:00:00 AM,10/31/2017 12:00:00 AM,0,0
1104205,11042,CLE,Cleveland-Hopkins International,"Cleveland, OH",4401,44,United States,US,Ohio,OH,39,3064701,30647,"Cleveland, OH (Metropolitan Area)",4401,44,41,N,24,34,41.40944444,81,W,51,17,-81.85472222,-0500,12/1/2017 12:00:00 AM,6/30/2025 12:00:00 AM,0,0
1104901,11049,CLL,Easterwood Field,"College Station/Bryan, TX",7401,74,United States,US,Texas,TX,48,3104901,31049,"College Station/Bryan, TX",7401,74,30,N,35,22,30.58944444,96,W,21,52,-96.36444444,-0600,1/1/1950 12:00:00 AM,6/30/2011 12:00:00 AM,0,0
1104903,11049,CLL,Easterwood Field,"College Station/Bryan, TX",7401,74,United States,US,Texas,TX,48,3104901,31049,"College Station/Bryan, TX",7401,74,30,N,35,17,30.58805556,96,W,21,45,-96.36250000,-0600,4/1/2019 12:00:00 AM,6/30/2025 12:00:00 AM,0,0
1105702,11057,CLT,Charlotte Douglas International,"Charlotte, NC",3601,36,United States,US,North Carolina,NC,37,3105701,31057,"Charlotte, NC",3601,36,35,N,12,50,35.21388889,80,W,56,35,-80.94305556,-0500,1/1/1982 12:00:00 AM,6/30/2011 12:00:00 AM,0,0
1105703,11057,CLT,Charlotte Douglas International,"Charlotte, NC",3601,36,United States,US,North Carolina,NC,37,3105701,31057,"Charlotte, NC",3601,36,35,N,12,49,35.21361111,80,W,56,57,-80.94916667,-0500,7/1/2011 12:00:00 AM,6/30/2025 12:00:00 AM,0,0
1106601,11066,CMH,Port Columbus International,"Columbus, OH",4401,44,United States,US,Ohio,OH,39,3106601,31066,"Columbus, OH",4401,44,39,N,59,28,39.99111111,82,W,52,42,-82.87833333,-0500,1/1/1950 12:00:00 AM,6/30/2011 12:00:00 AM,0,0
1106602,11066,CMH,Port Columbus International,"Columbus, OH",4401,44,United States,US,Ohio,OH,39,3106601,31066,"Columbus, OH",4401,44,39,N,59,53,39.99805556,82,W,53,31,-82.89194444,-0500,7/1/2011 12:00:00 AM,7/31/2013 12:00:00 AM,0,0
1106603,11066,CMH,Port Columbus International,"Columbus, OH",4401,44,United States,US,Ohio,OH,39,3106601,31066,"Columbus, OH",4401,44,39,N,59,49,39.99694444,82,W,53,32,-82.89222222,-0500,8/1/2013 12:00:00 AM,7/31/2017 12:00:00 AM,0,0
1106606,11066,CMH,John Glenn Columbus International,"Columbus, OH",4401,44,United States,US,Ohio,OH,39,3106601,31066,"Columbus, OH",4401,44,39,N,59,49,39.99694444,82,W,53,32,-82.89222222,-0500,12/1/2017 12:00:00 AM,,0,1
1109202,11092,CNY,Canyonlands Field,"Moab, UT",8701,87,United States,US,Utah,UT,49,3109201,31092,"Moab, UT",8701,87,38,N,45,18,38.75500000,109,W,45,17,-109.75472222,-0700,7/1/2011 12:00:00 AM,9/30/2018 12:00:00 AM,0,0
1109204,11092,CNY,Canyonlands Field,"Moab, UT",8701,87,United States,US,Utah,UT,49,3109201,31092,"Moab, UT",8701,87,38,N,45,27,38.75750000,109,W,45,13,-109.75361111,-0700,4/1/2019 12:00:00 AM,9/30/2022 12:00:00 AM,0,0
1109205,11092,CNY,Canyonlands Regional,"Moab, UT",8701,87,United States,US,Utah,UT,49,3109201,31092,"Moab, UT",8701,87,38,N,45,27,38.75750000,109,W,45,12,-109.75333333,-0700,10/1/2022 12:00:00 AM,6/30/2025 12:00:00 AM,0,0
1109701,11097,COD,Yellowstone Regional,"Cody, WY",8801,88,United States,US,Wyoming,WY,56,3109701,31097,"Cody, WY",8801,88,44,N,30,57,44.51583333,109,W,1,39,-109.02750000,-0700,1/1/1950 12:00:00 AM,6/30/2011 12:00:00 AM,0,0
1109702,11097,COD,Yellowstone Regional,"Cody, WY",8801,88,United States,US,Wyoming,WY,56,3109701,31097,"Cody, WY",8801,88,44,N,31,13,44.52027778,109,W,1,26,-109.02388889,-0700,7/1/2011 12:00:00 AM,,0,1
1110901,11109,COS,Peterson Field,"Colorado Springs, CO",8201,82,United States,US,Colorado,CO,08,3018901,30189,"Colorado Springs, CO",8201,82,38,N,48,32,38.80888889,104,W,42,33,-104.70916667,-0700,1/1/1950 12:00:00 AM,6/30/2011 12:00:00 AM,0,0
1110902,11109,COS,City of Colorado Springs Municipal,"Colorado Springs, CO",8201,82,United States,US,Colorado,CO,08,3018901,30189,"Colorado Springs, CO",8201,82,38,N,48,21,38.80583333,104,W,42,3,-104.70083333,-0700,7/1/2011 12:00:00 AM,,0,1
1112201,11122,CPR,Casper/Natrona County International,"Casper, WY",8801,88,United States,US,Wyoming,WY,56,3112201,31122,"Casper, WY",8801,88,42,N,54,31,42.90861111,106,W,27,45,-106.46250000,-0700,1/1/1950 12:00:00 AM,6/30/2011 12:00:00 AM,0,0
1112202,11122,CPR,Casper/Natrona County International,"Casper, WY",8801,88,United States,US,Wyoming,WY,56,3112201,31122,"Casper, WY",8801,88,42,N,54,29,42.90805556,106,W,27,52,-106.46444444,-0700,7/1/2011 12:00:00 AM,5/31/2014 12:00:00 AM,0,0
1112203,11122,CPR,Casper/Natrona County International,"Casper, WY",8801,88,United States,US,Wyoming,WY,56,3112201,31122,"Casper, WY",8801,88,42,N,54,21,42.90583333,106,W,27,49,-106.46361111,-0700,6/1/2014 12:00:00 AM,10/31/2017 12:00:00 AM,0,0
1112204,11122,CPR,Casper/Natrona County International,"Casper, WY",8801,88,United States,US,Wyoming,WY,56,3112201,31122,"Casper, WY",8801,88,42,N,54,29,42.90805556,106,W,27,52,-106.46444444,-0700,11/1/2017 12:00:00 AM,11/30/2017 12:00:00 AM,0,0
1112205,11122,CPR,Casper/Natrona County International,"Casper, WY",8801,88,United States,US,Wyoming,WY,56,3112201,31122,"Casper, WY",8801,88,42,N,54,21,42.90583333,106,W,27,49,-106.46361111,-0700,12/1/2017 12:00:00 AM,,0,1
1114001,11140,CRP,Corpus Christi International,"Corpus Christi, TX",7401,74,United States,US,Texas,TX,48,3114001,31140,"Corpus Christi, TX",7401,74,27,N,46,12,27.77000000,97,W,30,3,-97.50083333,-0600,1/1/1950 12:00:00 AM,6/30/2011 12:00:00 AM,0,0
1114002,11140,CRP,Corpus Christi International,"Corpus Christi, TX",7401,74,United States,US,Texas,TX,48,3114001,31140,"Corpus Christi, TX",7401,74,27,N,46,13,27.77027778,97,W,30,4,-97.50111111,-0600,7/1/2011 12:00:00 AM,1/31/2014 12:00:00 AM,0,0
1114005,11140,CRP,Corpus Christi International,"Corpus Christi, TX",7401,74,United States,US,Texas,TX,48,3114001,31140,"Corpus Christi, TX",7401,74,27,N,46,16,27.77111111,97,W,30,4,-97.50111111,-0600,4/1/2015 12:00:00 AM,6/30/2016 12:00:00 AM,0,0
1114008,11140,CRP,Corpus Christi International,"Corpus Christi, TX",7401,74,United States,US,Texas,TX,48,3114001,31140,"Corpus Christi, TX",7401,74,27,N,46,20,27.77222222,97,W,30,9,-97.50250000,-0600,12/1/2017 12:00:00 AM,6/30/2025 12:00:00 AM,0,0
1115001,11150,CSG,Columbus Metropolitan,"Columbus, GA",3401,34,United States,US,Georgia,GA,13,3115001,31150,"Columbus, GA",3401,34,32,N,30,58,32.51611111,84,W,56,20,-84.93888889,-0500,1/1/1950 12:00:00 AM,6/30/2011 12:00:00 AM,0,0
1115002,11150,CSG,Columbus Metropolitan,"Columbus, GA",3401,34,United States,US,Georgia,GA,13,3115001,31150,"Columbus, GA",3401,34,32,N,30,59,32.51638889,84,W,56,20,-84.93888889,-0500,7/1/2011 12:00:00 AM,2/28/2013 12:00:00 AM,0,0
1119301,11193,CVG,Cincinnati/Northern Kentucky International,"Cincinnati, OH",5201,52,United States,US,Kentucky,KY,21,3310501,33105,"Cincinnati, OH",4401,44,39,N,2,52,39.04777778,84,W,40,7,-84.66861111,-0500,1/1/1950 12:00:00 AM,6/30/2011 12:00:00 AM,0,0
1119302,11193,CVG,Cincinnati/Northern Kentucky International,"Cincinnati, OH",5201,52,United States,US,Kentucky,KY,21,3310501,33105,"Cincinnati, OH",4401,44,39,N,2,56,39.04888889,84,W,40,4,-84.66777778,-0500,7/1/2011 12:00:00 AM,,0,1
1123301,11233,CYS,Cheyenne Regional/Jerry Olson Field,"Cheyenne, WY",8801,88,United States,US,Wyoming,WY,56,3123301,31233,"Cheyenne, WY",8801,88,41,N,9,21,41.15583333,104,W,48,44,-104.81222222,-0700,1/1/1950 12:00:00 AM,6/30/2011 12:00:00 AM,0,0
1123302,11233,CYS,Cheyenne Regional/Jerry Olson Field,"Cheyenne, WY",8801,88,United States,US,Wyoming,WY,56,3123301,31233,"Cheyenne, WY",8801,88,41,N,9,20,41.15555556,104,W,48,38,-104.81055556,-0700,7/1/2011 12:00:00 AM,6/30/2025 12:00:00 AM,0,0
1125203,11252,DAB,Daytona Beach International,"Daytona Beach, FL",3301,33,United States,US,Florida,FL,12,3125201,31252,"Daytona Beach, FL",3301,33,29,N,10,48,29.18000000,81,W,3,29,-81.05805556,-0500,7/1/2011 12:00:00 AM,,0,1
1125903,11259,DAL,Dallas Love Field,"Dallas, TX",7401,74,United States,US,Texas,TX,48,3019401,30194,"Dallas/Fort Worth, TX",7401,74,32,N,50,50,32.84722222,96,W,51,6,-96.85166667,-0600,7/1/2011 12:00:00 AM,9/30/2018 12:00:00 AM,0,0
1125904,11259,DAL,Dallas Love Field,"Dallas, TX",7401,74,United States,US,Texas,TX,48,3019401,30194,"Dallas/Fort Worth, TX",7401,74,32,N,50,45,32.84583333,96,W,51,3,-96.85083333,-0600,10/1/2018 12:00:00 AM,6/30/2025 12:00:00 AM,0,0
1126702,11267,DAY,James M Cox/Dayton International,"Dayton, OH",4401,44,United States,US,Ohio,OH,39,3126701,31267,"Dayton, OH",4401,44,39,N,54,8,39.90222222,84,W,13,10,-84.21944444,-0500,7/1/2011 12:00:00 AM,6/30/2025 12:00:00 AM,0,0
1127801,11278,DCA,Ronald Reagan Washington National,"Washington, DC",3801,38,United States,US,Virginia,VA,51,3085201,30852,"Washington, DC (Metropolitan Area)",3201,32,38,N,51,6,38.85166667,77,W,2,13,-77.03694444,-0500,1/1/1950 12:00:00 AM,6/30/2011 12:00:00 AM,0,0
1127802,11278,DCA,Ronald Reagan Washington National,"Washington, DC",3801,38,United States,US,Virginia,VA,51,3085201,30852,"Washington, DC (Metropolitan Area)",3201,32,38,N,51,7,38.85194444,77,W,2,16,-77.03777778,-0500,7/1/2011 12:00:00 AM,7/31/2015 12:00:00 AM,0,0
1127803,11278,DCA,Ronald Reagan Washington National,"Washington, DC",3801,38,United States,US,Virginia,VA,51,3085201,30852,"Washington, DC (Metropolitan Area)",3201,32,38,N,51,5,38.85138889,77,W,2,16,-77.03777778,-0500,8/1/2015 12:00:00 AM,10/31/2017 12:00:00 AM,0,0
1127804,11278,DCA,Ronald Reagan Washington National,"Washington, DC",3801,38,United States,US,Virginia,VA,51,3085201,30852,"Washington, DC (Metropolitan Area)",3201,32,38,N,51,7,38.85194444,77,W,2,16,-77.03777778,-0500,11/1/2017 12:00:00 AM,11/30/2017 12:00:00 AM,0,0
1127805,11278,DCA,Ronald Reagan Washington National,"Washington, DC",3801,38,United States,US,Virginia,VA,51,3085201,30852,"Washington, DC (Metropolitan Area)",3201,32,38,N,51,5,38.85138889,77,W,2,16,-77.03777778,-0500,12/1/2017 12:00:00 AM,,0,1
1129201,11292,DEN,Stapleton International,"Denver, CO",8201,82,United States,US,Colorado,CO,08,3032501,30325,"Denver, CO",8201,82,39,N,46,28,39.77444444,104,W,52,47,-104.87972222,-0700,1/1/1950 12:00:00 AM,8/31/1993 12:00:00 AM,0,0
1129202,11292,DEN,Denver International,"Denver, CO",8201,82,United States,US,Colorado,CO,08,3032501,30325,"Denver, CO",8201,82,39,N,51,42,39.86166667,104,W,40,23,-104.67305556,-0700,9/1/1993 12:00:00 AM,6/30/2025 12:00:00 AM,0,0
1129801,11298,DFW,Dallas Fort Worth Regional,"Dallas/Fort Worth, TX",7401,74,United States,US,Texas,TX,48,3019401,30194,"Dallas/Fort Worth, TX",7401,74,32,N,53,40,32.89444444,97,W,1,47,-97.02972222,-0600,1/1/1950 12:00:00 AM,12/31/1989 12:00:00 AM,0,0
1129802,11298,DFW,Dallas/Fort Worth International,"Dallas/Fort Worth, TX",7401,74,United States,US,Texas,TX,48,3019401,30194,"Dallas/Fort Worth, TX",7401,74,32,N,53,47,32.89638889,97,W,2,28,-97.04111111,-0600,1/1/1990 12:00:00 AM,6/30/2011 12:00:00 AM,0,0
1129803,11298,DFW,Dallas/Fort Worth International,"Dallas/Fort Worth, TX",7401,74,United States,US,Texas,TX,48,3019401,30194,"Dallas/Fort Worth, TX",7401,74,32,N,53,49,32.89694444,97,W,2,17,-97.03805556,-0600,7/1/2011 12:00:00 AM,3/31/2015 12:00:00 AM,0,0
1129804,11298,DFW,Dallas/Fort Worth International,"Dallas/Fort Worth, TX",7401,74,United States,US,Texas,TX,48,3019401,30194,"Dallas/Fort Worth, TX",7401,74,32,N,53,50,32.89722222,97,W,2,16,-97.03777778,-0600,4/1/2015 12:00:00 AM,10/31/2017 12:00:00 AM,0,0
1129805,11298,DFW,Dallas/Fort Worth International,"Dallas/Fort Worth, TX",7401,74,United States,US,Texas,TX,48,3019401,30194,"Dallas/Fort Worth, TX",7401,74,32,N,53,49,32.89694444,97,W,2,17,-97.03805556,-0600,11/1/2017 12:00:00 AM,11/30/2017 12:00:00 AM,0,0
1129806,11298,DFW,Dallas/Fort Worth International,"Dallas/Fort Worth, TX",7401,74,United States,US,Texas,TX,48,3019401,30194,"Dallas/Fort Worth, TX",7401,74,32,N,53,50,32.89722222,97,W,2,16,-97.03777778,-0600,12/1/2017 12:00:00 AM,,0,1
1130801,11308,DHN,Dothan Regional,"Dothan, AL",5101,51,United States,US,Alabama,AL,01,3130801,31308,"Dothan, AL",5101,51,31,N,19,12,31.32000000,85,W,26,54,-85.44833333,-0600,1/1/1950 12:00:00 AM,6/30/2011 12:00:00 AM,0,0
1141302,11413,DRO,Durango La Plata County,"Durango, CO",8201,82,United States,US,Colorado,CO,08,3028501,30285,"Durango, CO",8201,82,37,N,9,0,37.15000000,107,W,45,4,-107.75111111,-0700,12/1/2002 12:00:00 AM,6/30/2011 12:00:00 AM,0,0
1141303,11413,DRO,Durango La Plata County,"Durango, CO",8201,82,United States,US,Colorado,CO,08,3028501,30285,"Durango, CO",8201,82,37,N,9,5,37.15138889,107,W,45,14,-107.75388889,-0700,7/1/2011 12:00:00 AM,7/31/2015 12:00:00 AM,0,0
1141307,11413,DRO,Durango La Plata County,"Durango, CO",8201,82,United States,US,Colorado,CO,08,3028501,30285,"Durango, CO",8201,82,37,N,9,6,37.15166667,107,W,45,14,-107.75388889,-0700,11/1/2019 12:00:00 AM,,0,1
1142302,11423,DSM,Des Moines International,"Des Moines, IA",6101,61,United States,US,Iowa,IA,19,3142301,31423,"Des Moines, IA",6101,61,41,N,32,2,41.53388889,93,W,39,24,-93.65666667,-0600,7/1/1986 12:00:00 AM,6/30/2011 12:00:00 AM,0,0
1142303,11423,DSM,Des Moines International,"Des Moines, IA",6101,61,United States,US,Iowa,IA,19,3142301,31423,"Des Moines, IA",6101,61,41,N,32,2,41.53388889,93,W,39,47,-93.66305556,-0600,7/1/2011 12:00:00 AM,11/30/2015 12:00:00 AM,0,0
1142304,11423,DSM,Des Moines International,"Des Moines, IA",6101,61,United States,US,Iowa,IA,19,3142301,31423,"Des Moines, IA",6101,61,41,N,32,3,41.53416667,93,W,39,27,-93.65750000,-0600,12/1/2015 12:00:00 AM,10/31/2017 12:00:00 AM,0,0
1142305,11423,DSM,Des Moines International,"Des Moines, IA",6101,61,United States,US,Iowa,IA,19,3142301,31423,"Des Moines, IA",6101,61,41,N,32,2,41.53388889,93,W,39,47,-93.66305556,-0600,11/1/2017 12:00:00 AM,11/30/2017 12:00:00 AM,0,0
1142306,11423,DSM,Des Moines International,"Des Moines, IA",6101,61,United States,US,Iowa,IA,19,3142301,31423,"Des Moines, IA",6101,61,41,N,32,3,41.53416667,93,W,39,27,-93.65750000,-0600,12/1/2017 12:00:00 AM,9/30/2018 12:00:00 AM,0,0
1142307,11423,DSM,Des Moines International,"Des Moines, IA",6101,61,United States,US,Iowa,IA,19,3142301,31423,"Des Moines, IA",6101,61,41,N,32,2,41.53388889,93,W,39,47,-93.66305556,-0600,10/1/2018 12:00:00 AM,9/30/2022 12:00:00 AM,0,0
1142308,11423,DSM,Des Moines International,"Des Moines, IA",6101,61,United States,US,Iowa,IA,19,3142301,31423,"Des Moines, IA",6101,61,41,N,32,3,41.53416667,93,W,39,28,-93.65777778,-0600,10/1/2022 12:00:00 AM,6/30/2025 12:00:00 AM,0,0
1143301,11433,DTW,Detroit Metro Wayne County,"Detroit, MI",4301,43,United States,US,Michigan,MI,26,3129501,31295,"Detroit, MI",4301,43,42,N,13,0,42.21666667,83,W,20,40,-83.34444444,-0500,1/1/1950 12:00:00 AM,6/30/2011 12:00:00 AM,0,0
1143302,11433,DTW,Detroit Metro Wayne County,"Detroit, MI",4301,43,United States,US,Michigan,MI,26,3129501,31295,"Detroit, MI",4301,43,42,N,12,45,42.21250000,83,W,21,12,-83.35333333,-0500,7/1/2011 12:00:00 AM,,0,1
1147102,11471,EAU,Chippewa Valley Regional,"Eau Claire, WI",4501,45,United States,US,Wisconsin,WI,55,3147101,31471,"Eau Claire, WI",4501,45,44,N,51,52,44.86444444,91,W,29,14,-91.48722222,-0600,7/1/1992 12:00:00 AM,6/30/2011 12:00:00 AM,0,0
1149501,11495,EFD,Ellington Field,"Houston, TX",7401,74,United States,US,Texas,TX,48,3145301,31453,"Houston, TX",7401,74,29,N,36,26,29.60722222,95,W,9,31,-95.15861111,-0600,1/1/1950 12:00:00 AM,11/30/2012 12:00:00 AM,0,0
1150301,11503,EGE,Eagle County Regional,"Eagle, CO",8201,82,United States,US,Colorado,CO,08,3150301,31503,"Eagle, CO",8201,82,39,N,38,37,39.64361111,106,W,54,50,-106.91388889,-0700,1/1/1950 12:00:00 AM,6/30/2011 12:00:00 AM,0,0
1150302,11503,EGE,Eagle County Regional,"Eagle, CO",8201,82,United States,US,Colorado,CO,08,3150301,31503,"Eagle, CO",8201,82,39,N,38,34,39.64277778,106,W,55,57,-106.93250000,-0700,7/1/2011 12:00:00 AM,2/28/2013 12:00:00 AM,0,0
1150303,11503,EGE,Eagle County Regional,"Eagle, CO",8201,82,United States,US,Colorado,CO,08,3150301,31503,"Eagle, CO",8201,82,39,N,38,34,39.64277778,106,W,54,57,-106.91583333,-0700,3/1/2013 12:00:00 AM,10/31/2017 12:00:00 AM,0,0
1150305,11503,EGE,Eagle County Regional,"Eagle, CO",8201,82,United States,US,Colorado,CO,08,3150301,31503,"Eagle, CO",8201,82,39,N,38,34,39.64277778,106,W,54,57,-106.91583333,-0700,12/1/2017 12:00:00 AM,,0,1
1152501,11525,EKO,Elko Regional,"Elko, NV",8501,85,United States,US,Nevada,NV,32,3152501,31525,"Elko, NV",8501,85,40,N,49,26,40.82388889,115,W,47,23,-115.78972222,-0800,1/1/1950 12:00:00 AM,6/30/2011 12:00:00 AM,0,0
1152502,11525,EKO,Elko Regional,"Elko, NV",8501,85,United States,US,Nevada,NV,32,3152501,31525,"Elko, NV",8501,85,40,N,49,30,40.82500000,115,W,47,30,-115.79166667,-0800,7/1/2011 12:00:00 AM,3/31/2015 12:00:00 AM,0,0
1152503,11525,EKO,Elko Regional,"Elko, NV",8501,85,United States,US,Nevada,NV,32,3152501,31525,"Elko, NV",8501,85,40,N,49,30,40.82500000,115,W,47,29,-115.79138889,-0800,4/1/2015 12:00:00 AM,10/31/2017 12:00:00 AM,0,0
1152504,11525,EKO,Elko Regional,"Elko, NV",8501,85,United States,US,Nevada,NV,32,3152501,31525,"Elko, NV",8501,85,40,N,49,30,40.82500000,115,W,47,30,-115.79166667,-0800,11/1/2017 12:00:00 AM,11/30/2017 12:00:00 AM,0,0
1152505,11525,EKO,Elko Regional,"Elko, NV",8501,85,United States,US,Nevada,NV,32,3152501,31525,"Elko, NV",8501,85,40,N,49,30,40.82500000,115,W,47,29,-115.79138889,-0800,12/1/2017 12:00:00 AM,,0,1
1154001,11540,ELP,El Paso International,"El Paso, TX",7401,74,United States,US,Texas,TX,48,3061501,30615,"El Paso, TX",7401,74,31,N,48,24,31.80666667,106,W,22,38,-106.37722222,-0700,1/1/1950 12:00:00 AM,6/30/2011 12:00:00 AM,0,0
1154002,11540,ELP,El Paso International,"El Paso, TX",7401,74,United States,US,Texas,TX,48,3061501,30615,"El Paso, TX",7401,74,31,N,48,26,31.80722222,106,W,22,39,-106.37750000,-0700,7/1/2011 12:00:00 AM,5/31/2012 12:00:00 AM,0,0
1154003,11540,ELP,El Paso International,"El Paso, TX",7401,74,United States,US,Texas,TX,48,3061501,30615,"El Paso, TX",7401,74,31,N,48,26,31.80722222,106,W,22,35,-106.37638889,-0700,6/1/2012 12:00:00 AM,10/31/2017 12:00:00 AM,0,0
1154005,11540,ELP,El Paso International,"El Paso, TX",7401,74,United States,US,Texas,TX,48,3061501,30615,"El Paso, TX",7401,74,31,N,48,26,31.80722222,106,W,22,35,-106.37638889,-0700,12/1/2017 12:00:00 AM,6/30/2025 12:00:00 AM,0,0
1156301,11563,ENV,Wendover Airport,"Wendover, UT",8701,87,United States,US,Utah,UT,49,3156301,31563,"Wendover, UT",8701,87,40,N,43,7,40.71861111,114,W,2,2,-114.03388889,-0700,1/1/1950 12:00:00 AM,6/30/2011 12:00:00 AM,0,0
1156303,11563,ENV,Wendover Airport,"Wendover, UT",8701,87,United States,US,Utah,UT,49,3156301,31563,"Wendover, UT",8701,87,40,N,43,7,40.71861111,114,W,1,43,-114.02861111,-0700,4/1/2015 12:00:00 AM,10/31/2017 12:00:00 AM,0,0
1156305,11563,ENV,Wendover Airport,"Wendover, UT",8701,87,United States,US,Utah,UT,49,3156301,31563,"Wendover, UT",8701,87,40,N,43,7,40.71861111,114,W,1,43,-114.02861111,-0700,12/1/2017 12:00:00 AM,,0,1
1160301,11603,EUG,Mahlon Sweet Field,"Eugene, OR",9201,92,United States,US,Oregon,OR,41,3160301,31603,"Eugene, OR",9201,92,44,N,7,15,44.12083333,123,W,13,3,-123.21750000,-0800,1/1/1950 12:00:00 AM,6/30/2011 12:00:00 AM,0,0
1160302,11603,EUG,Mahlon Sweet Field,"Eugene, OR",9201,92,United States,US,Oregon,OR,41,3160301,31603,"Eugene, OR",9201,92,44,N,7,28,44.12444444,123,W,12,43,-123.21194444,-0800,7/1/2011 12:00:00 AM,6/30/2025 12:00:00 AM,0,0
1161801,11618,EWR,Newark Liberty International,"Newark, NJ",2101,21,United States,US,New Jersey,NJ,34,3170301,31703,"New York City, NY (Metropolitan Area)",2201,22,40,N,41,45,40.69583333,74,W,10,18,-74.17166667,-0500,1/1/1950 12:00:00 AM,6/30/2011 12:00:00 AM,0,0
1161802,11618,EWR,Newark Liberty International,"Newark, NJ",2101,21,United States,US,New Jersey,NJ,34,3170301,31703,"New York City, NY (Metropolitan Area)",2201,22,40,N,41,33,40.69250000,74,W,10,7,-74.16861111,-0500,7/1/2011 12:00:00 AM,6/30/2025 12:00:00 AM,0,0
1163001,11630,FAI,Fairbanks International,"Fairbanks, AK",101,1,United States,US,Alaska,AK,02,3151701,31517,"Fairbanks, AK",101,1,64,N,48,52,64.81444444,147,W,51,46,-147.86277778,-0900,1/1/1950 12:00:00 AM,6/30/2011 12:00:00 AM,0,0
1163002,11630,FAI,Fairbanks International,"Fairbanks, AK",101,1,United States,US,Alaska,AK,02,3151701,31517,"Fairbanks, AK",101,1,64,N,48,54,64.81500000,147,W,51,23,-147.85638889,-0900,7/1/2011 12:00:00 AM,9/30/2022 12:00:00 AM,0,0
1163702,11637,FAR,Hector International,"Fargo, ND",6601,66,United States,US,North Dakota,ND,38,3163701,31637,"Fargo, ND",6601,66,46,N,54,56,46.91555556,96,W,48,53,-96.81472222,-0600,7/1/1982 12:00:00 AM,6/30/2011 12:00:00 AM,0,0
1163703,11637,FAR,Hector International,"Fargo, ND",6601,66,United States,US,North Dakota,ND,38,3163701,31637,"Fargo, ND",6601,66,46,N,55,14,46.92055556,96,W,48,57,-96.81583333,-0600,7/1/2011 12:00:00 AM,6/30/2025 12:00:00 AM,0,0
1163801,11638,FAT,Fresno Air Terminal,"Fresno, CA",9101,91,United States,US,California,CA,06,3163801,31638,"Fresno, CA",9101,91,36,N,46,36,36.77666667,119,W,43,2,-119.71722222,-0800,1/1/1950 12:00:00 AM,9/30/1996 12:00:00 AM,0,0
1163802,11638,FAT,Fresno Yosemite International,"Fresno, CA",9101,91,United States,US,California,CA,06,3163801,31638,"Fresno, CA",9101,91,36,N,46,34,36.77611111,119,W,43,2,-119.71722222,-0800,10/1/1996 12:00:00 AM,6/30/2011 12:00:00 AM,0,0
1163803,11638,FAT,Fresno Yosemite International,"Fresno, CA",9101,91,United States,US,California,CA,06,3163801,31638,"Fresno, CA",9101,91,36,N,46,34,36.77611111,119,W,43,5,-119.71805556,-0800,7/1/2011 12:00:00 AM,10/31/2012 12:00:00 AM,0,0
1163804,11638,FAT,Fresno Yosemite International,"Fresno, CA",9101,91,United States,US,California,CA,06,3163801,31638,"Fresno, CA",9101,91,36,N,46,35,36.77638889,119,W,43,7,-119.71861111,-0800,11/1/2012 12:00:00 AM,6/30/2013 12:00:00 AM,0,0
1163805,11638,FAT,Fresno Yosemite International,"Fresno, CA",9101,91,United States,US,California,CA,06,3163801,31638,"Fresno, CA",9101,91,36,N,46,36,36.77666667,119,W,43,8,-119.71888889,-0800,7/1/2013 12:00:00 AM,10/31/2017 12:00:00 AM,0,0
1163806,11638,FAT,Fresno Yosemite International,"Fresno, CA",9101,91,United States,US,California,CA,06,3163801,31638,"Fresno, CA",9101,91,36,N,46,34,36.77611111,119,W,43,5,-119.71805556,-0800,11/1/2017 12:00:00 AM,11/30/2017 12:00:00 AM,0,0
1163807,11638,FAT,Fresno Yosemite International,"Fresno, CA",9101,91,United States,US,California,CA,06,3163801,31638,"Fresno, CA",9101,91,36,N,46,36,36.77666667,119,W,43,8,-119.71888889,-0800,12/1/2017 12:00:00 AM,,0,1
1164801,11648,FCA,Glacier Park International,"Kalispell, MT",8401,84,United States,US,Montana,MT,30,3164801,31648,"Kalispell, MT",8401,84,48,N,18,46,48.31277778,114,W,15,4,-114.25111111,-0700,1/1/1950 12:00:00 AM,6/30/2011 12:00:00 AM,0,0
1164802,11648,FCA,Glacier Park International,"Kalispell, MT",8401,84,United States,US,Montana,MT,30,3164801,31648,"Kalispell, MT",8401,84,48,N,18,38,48.31055556,114,W,15,22,-114.25611111,-0700,7/1/2011 12:00:00 AM,6/30/2025 12:00:00 AM,0,0
1169702,11697,FLL,Fort Lauderdale-Hollywood International,"Fort Lauderdale, FL",3301,33,United States,US,Florida,FL,12,3246701,32467,"Miami, FL (Metropolitan Area)",3301,33,26,N,4,20,26.07222222,80,W,9,11,-80.15305556,-0500,1/1/1991 12:00:00 AM,6/30/2011 12:00:00 AM,0,0
1169703,11697,FLL,Fort Lauderdale-Hollywood International,"Fort Lauderdale, FL",3301,33,United States,US,Florida,FL,12,3246701,32467,"Miami, FL (Metropolitan Area)",3301,33,26,N,4,21,26.07250000,80,W,9,10,-80.15277778,-0500,7/1/2011 12:00:00 AM,3/31/2015 12:00:00 AM,0,0
1169704,11697,FLL,Fort Lauderdale-Hollywood International,"Fort Lauderdale, FL",3301,33,United States,US,Florida,FL,12,3246701,32467,"Miami, FL (Metropolitan Area)",3301,33,26,N,4,18,26.07166667,80,W,8,59,-80.14972222,-0500,4/1/2015 12:00:00 AM,10/31/2017 12:00:00 AM,0,0
1169705,11697,FLL,Fort Lauderdale-Hollywood International,"Fort Lauderdale, FL",3301,33,United States,US,Florida,FL,12,3246701,32467,"Miami, FL (Metropolitan Area)",3301,33,26,N,4,21,26.07250000,80,W,9,10,-80.15277778,-0500,11/1/2017 12:00:00 AM,11/30/2017 12:00:00 AM,0,0
1169706,11697,FLL,Fort Lauderdale-Hollywood International,"Fort Lauderdale, FL",3301,33,United States,US,Florida,FL,12,3246701,32467,"Miami, FL (Metropolitan Area)",3301,33,26,N,4,18,26.07166667,80,W,8,59,-80.14972222,-0500,12/1/2017 12:00:00 AM,6/30/2025 12:00:00 AM,0,0
1171101,11711,FMN,Four Corners Regional,"Farmington, NM",8601,86,United States,US,New Mexico,NM,35,3171101,31711,"Farmington, NM",8601,86,36,N,44,28,36.74111111,108,W,13,45,-108.22916667,-0700,1/1/1950 12:00:00 AM,6/30/2011 12:00:00 AM,0,0
1172105,11721,FNT,Bishop International,"Flint, MI",4301,43,United States,US,Michigan,MI,26,3172101,31721,"Flint, MI",4301,43,42,N,57,56,42.96555556,83,W,44,41,-83.74472222,-0500,12/1/2017 12:00:00 AM,,0,1
1177501,11775,FSD,Joe Foss Field,"Sioux Falls, SD",6701,67,United States,US,South Dakota,SD,46,3177501,31775,"Sioux Falls, SD",6701,67,43,N,34,44,43.57888889,96,W,44,27,-96.74083333,-0600,1/1/1950 12:00:00 AM,6/30/2011 12:00:00 AM,0,0
1177502,11775,FSD,Joe Foss Field,"Sioux Falls, SD",6701,67,United States,US,South Dakota,SD,46,3177501,31775,"Sioux Falls, SD",6701,67,43,N,34,55,43.58194444,96,W,44,31,-96.74194444,-0600,7/1/2011 12:00:00 AM,6/30/2025 12:00:00 AM,0,0
1178904,11789,FTW,Fort Worth Meacham International,"Dallas/Fort Worth, TX",7401,74,United States,US,Texas,TX,48,3019401,30194,"Dallas/Fort Worth, TX",7401,74,32,N,49,11,32.81972222,97,W,21,45,-97.36250000,-0600,6/1/2015 12:00:00 AM,6/30/2025 12:00:00 AM,0,0
1182304,11823,FWA,Fort Wayne International,"Fort Wayne, IN",4201,42,United States,US,Indiana,IN,18,3182301,31823,"Fort Wayne, IN",4201,42,40,N,58,42,40.97833333,85,W,11,43,-85.19527778,-0500,7/1/2011 12:00:00 AM,,0,1
1186501,11865,GCC,Gillette Campbell County,"Gillette, WY",8801,88,United States,US,Wyoming,WY,56,3186501,31865,"Gillette, WY",8801,88,44,N,21,5,44.35138889,105,W,31,30,-105.52500000,-0700,1/1/1950 12:00:00 AM,6/30/2011 12:00:00 AM,0,0
1186502,11865,GCC,Gillette Campbell County,"Gillette, WY",8801,88,United States,US,Wyoming,WY,56,3186501,31865,"Gillette, WY",8801,88,44,N,20,56,44.34888889,105,W,32,22,-105.53944444,-0700,7/1/2011 12:00:00 AM,9/30/2022 12:00:00 AM,0,0
1188401,11884,GEG,Spokane International,"Spokane, WA",9301,93,United States,US,Washington,WA,53,3188401,31884,"Spokane, WA",9301,93,47,N,37,12,47.62000000,117,W,31,58,-117.53277778,-0800,1/1/1950 12:00:00 AM,6/30/2011 12:00:00 AM,0,0
1188402,11884,GEG,Spokane International,"Spokane, WA",9301,93,United States,US,Washington,WA,53,3188401,31884,"Spokane, WA",9301,93,47,N,37,9,47.61916667,117,W,32,7,-117.53527778,-0800,7/1/2011 12:00:00 AM,,0,1
1189802,11898,GFK,Grand Forks International,"Grand Forks, ND",6601,66,United States,US,North Dakota,ND,38,3189801,31898,"Grand Forks, ND",6601,66,47,N,56,50,47.94722222,97,W,10,26,-97.17388889,-0600,7/1/2011 12:00:00 AM,6/30/2025 12:00:00 AM,0,0
1192101,11921,GJT,Walker Field,"Grand Junction, CO",8201,82,United States,US,Colorado,CO,08,3192101,31921,"Grand Junction, CO",8201,82,39,N,7,7,39.11861111,108,W,30,50,-108.51388889,-0700,1/1/1950 12:00:00 AM,6/30/2011 12:00:00 AM,0,0
1192102,11921,GJT,Grand Junction Regional,"Grand Junction, CO",8201,82,United States,US,Colorado,CO,08,3192101,31921,"Grand Junction, CO",8201,82,39,N,7,21,39.12250000,108,W,31,36,-108.52666667,-0700,7/1/2011 12:00:00 AM,6/30/2025 12:00:00 AM,0,0
1197701,11977,GRB,Austin Straubel International,"Green Bay, WI",4501,45,United States,US,Wisconsin,WI,55,3197701,31977,"Green Bay, WI",4501,45,44,N,29,17,44.48805556,88,W,7,50,-88.13055556,-0600,1/1/1950 12:00:00 AM,6/30/2011 12:00:00 AM,0,0
1197702,11977,GRB,Austin Straubel International,"Green Bay, WI",4501,45,United States,US,Wisconsin,WI,55,3197701,31977,"Green Bay, WI",4501,45,44,N,29,5,44.48472222,88,W,7,47,-88.12972222,-0600,7/1/2011 12:00:00 AM,6/30/2016 12:00:00 AM,0,0
1197705,11977,GRB,Green Bay Austin Straubel International,"Green Bay, WI",4501,45,United States,US,Wisconsin,WI,55,3197701,31977,"Green Bay, WI",4501,45,44,N,29,5,44.48472222,88,W,7,47,-88.12972222,-0600,12/1/2017 12:00:00 AM,,0,1
1198202,11982,GRK,Robert Gray AAF,"Killeen, TX",7401,74,United States,US,Texas,TX,48,3198201,31982,"Killeen, TX",7401,74,31,N,4,2,31.06722222,97,W,49,44,-97.82888889,-0600,7/1/2011 12:00:00 AM,,0,1
1198602,11986,GRR,Gerald R. Ford International,"Grand Rapids, MI",4301,43,United States,US,Michigan,MI,26,3198601,31986,"Grand Rapids, MI",4301,43,42,N,52,52,42.88111111,85,W,31,27,-85.52416667,-0500,1/1/2003 12:00:00 AM,6/30/2011 12:00:00 AM,0,0
1198603,11986,GRR,Gerald R. Ford International,"Grand Rapids, MI",4301,43,United States,US,Michigan,MI,26,3198601,31986,"Grand Rapids, MI",4301,43,42,N,52,51,42.88083333,85,W,31,22,-85.52277778,-0500,7/1/2011 12:00:00 AM,6/30/2025 12:00:00 AM,0,0
1199502,11995,GSO,Piedmont Triad International,"Greensboro/High Point, NC",3601,36,United States,US,North Carolina,NC,37,3199501,31995,"Greensboro/High Point, NC",3601,36,36,N,6,5,36.10138889,79,W,56,28,-79.94111111,-0500,7/1/2011 12:00:00 AM,,0,1
1199603,11996,GSP,Greenville-Spartanburg International,"Greer, SC",3701,37,United States,US,South Carolina,SC,45,3187101,31871,"Greenville/Spartanburg, SC",3701,37,34,N,53,44,34.89555556,82,W,13,8,-82.21888889,-0500,7/1/2011 12:00:00 AM,,0,1
1200301,12003,GTF,Great Falls International,"Great Falls, MT",8401,84,United States,US,Montana,MT,30,3189501,31895,"Great Falls, MT",8401,84,47,N,29,8,47.48555556,111,W,22,1,-111.36694444,-0700,1/1/1950 12:00:00 AM,6/30/2011 12:00:00 AM,0,0
1200302,12003,GTF,Great Falls International,"Great Falls, MT",8401,84,United States,US,Montana,MT,30,3189501,31895,"Great Falls, MT",8401,84,47,N,28,58,47.48277778,111,W,22,14,-111.37055556,-0700,7/1/2011 12:00:00 AM,7/31/2017 12:00:00 AM,0,0
1200303,12003,GTF,Great Falls International,"Great Falls, MT",8401,84,United States,US,Montana,MT,30,3189501,31895,"Great Falls, MT",8401,84,47,N,28,56,47.48222222,111,W,22,13,-111.37027778,-0700,8/1/2017 12:00:00 AM,10/31/2017 12:00:00 AM,0,0
1200304,12003,GTF,Great Falls International,"Great Falls, MT",8401,84,United States,US,Montana,MT,30,3189501,31895,"Great Falls, MT",8401,84,47,N,28,58,47.48277778,111,W,22,14,-111.37055556,-0700,11/1/2017 12:00:00 AM,11/30/2017 12:00:00 AM,0,0
1200305,12003,GTF,Great Falls International,"Great Falls, MT",8401,84,United States,US,Montana,MT,30,3189501,31895,"Great Falls, MT",8401,84,47,N,28,56,47.48222222,111,W,22,13,-111.37027778,-0700,12/1/2017 12:00:00 AM,6/30/2025 12:00:00 AM,0,0
1201201,12012,GUC,Gunnison-Crested Butte Regional,"Gunnison, CO",8201,82,United States,US,Colorado,CO,08,3201201,32012,"Gunnison, CO",8201,82,38,N,32,2,38.53388889,106,W,56,20,-106.93888889,-0700,1/1/1950 12:00:00 AM,6/30/2011 12:00:00 AM,0,0
1201203,12012,GUC,Gunnison-Crested Butte Regional,"Gunnison, CO",8201,82,United States,US,Colorado,CO,08,3201201,32012,"Gunnison, CO",8201,82,38,N,32,4,38.53444444,106,W,55,54,-106.93166667,-0700,6/1/2015 12:00:00 AM,10/31/2017 12:00:00 AM,0,0
1209401,12094,HDN,Yampa Valley,"Hayden, CO",8201,82,United States,US,Colorado,CO,08,3469901,34699,"Steamboat Springs, CO",8201,82,40,N,28,54,40.48166667,107,W,13,12,-107.22000000,-0700,1/1/1950 12:00:00 AM,6/30/2011 12:00:00 AM,0,0
1209402,12094,HDN,Yampa Valley,"Hayden, CO",8201,82,United States,US,Colorado,CO,08,3469901,34699,"Steamboat Springs, CO",8201,82,40,N,28,52,40.48111111,107,W,13,4,-107.21777778,-0700,7/1/2011 12:00:00 AM,,0,1
1215601,12156,HLN,Helena Regional,"Helena, MT",8401,84,United States,US,Montana,MT,30,3215601,32156,"Helena, MT",8401,84,46,N,36,24,46.60666667,111,W,58,55,-111.98194444,-0700,1/1/1950 12:00:00 AM,6/30/2011 12:00:00 AM,0,0
1215602,12156,HLN,Helena Regional,"Helena, MT",8401,84,United States,US,Montana,MT,30,3215601,32156,"Helena, MT",8401,84,46,N,36,25,46.60694444,111,W,58,58,-111.98277778,-0700,7/1/2011 12:00:00 AM,4/30/2015 12:00:00 AM,0,0
1215603,12156,HLN,Helena Regional,"Helena, MT",8401,84,United States,US,Montana,MT,30,3215601,32156,"Helena, MT",8401,84,46,N,36,24,46.60666667,111,W,59,0,-111.98333333,-0700,5/1/2015 12:00:00 AM,10/31/2017 12:00:00 AM,0,0
1215604,12156,HLN,Helena Regional,"Helena, MT",8401,84,United States,US,Montana,MT,30,3215601,32156,"Helena, MT",8401,84,46,N,36,25,46.60694444,111,W,58,58,-111.98277778,-0700,11/1/2017 12:00:00 AM,11/30/2017 12:00:00 AM,0,0
1215605,12156,HLN,Helena Regional,"Helena, MT",8401,84,United States,US,Montana,MT,30,3215601,32156,"Helena, MT",8401,84,46,N,36,24,46.60666667,111,W,59,0,-111.98333333,-0700,12/1/2017 12:00:00 AM,,0,1
1217301,12173,HNL,Honolulu International,"Honolulu, HI",201,2,United States,US,Hawaii,HI,15,3213401,32134,"Honolulu, HI",201,2,21,N,19,7,21.31861111,157,W,55,21,-157.92250000,-1000,1/1/1950 12:00:00 AM,3/31/2014 12:00:00 AM,0,0
1217302,12173,HNL,Honolulu International,"Honolulu, HI",201,2,United States,US,Hawaii,HI,15,3213401,32134,"Honolulu, HI",201,2,21,N,19,4,21.31777778,157,W,55,13,-157.92027778,-1000,4/1/2014 12:00:00 AM,7/31/2017 12:00:00 AM,0,0
1217303,12173,HNL,Daniel K Inouye International,"Honolulu, HI",201,2,United States,US,Hawaii,HI,15,3213401,32134,"Honolulu, HI",201,2,21,N,19,4,21.31777778,157,W,55,13,-157.92027778,-1000,8/1/2017 12:00:00 AM,10/31/2017 12:00:00 AM,0,0
1217304,12173,HNL,Honolulu International,"Honolulu, HI",201,2,United States,US,Hawaii,HI,15,3213401,32134,"Honolulu, HI",201,2,21,N,19,7,21.31861111,157,W,55,21,-157.92250000,-1000,11/1/2017 12:00:00 AM,11/30/2017 12:00:00 AM,0,0
1217305,12173,HNL,Daniel K Inouye International,"Honolulu, HI",201,2,United States,US,Hawaii,HI,15,3213401,32134,"Honolulu, HI",201,2,21,N,19,4,21.31777778,157,W,55,13,-157.92027778,-1000,12/1/2017 12:00:00 AM,,0,1
1219101,12191,HOU,William P Hobby,"Houston, TX",7401,74,United States,US,Texas,TX,48,3145301,31453,"Houston, TX",7401,74,29,N,38,42,29.64500000,95,W,16,43,-95.27861111,-0600,1/1/1950 12:00:00 AM,6/30/2011 12:00:00 AM,0,0
1219102,12191,HOU,William P Hobby,"Houston, TX",7401,74,United States,US,Texas,TX,48,3145301,31453,"Houston, TX",7401,74,29,N,38,44,29.64555556,95,W,16,44,-95.27888889,-0600,7/1/2011 12:00:00 AM,9/30/2022 12:00:00 AM,0,0
1219103,12191,HOU,William P Hobby,"Houston, TX",7401,74,United States,US,Texas,TX,48,3145301,31453,"Houston, TX",7401,74,29,N,38,45,29.64583333,95,W,16,38,-95.27722222,-0600,10/1/2022 12:00:00 AM,6/30/2025 12:00:00 AM,0,0
1221701,12217,HSV,Huntsville International-Carl T Jones Field,"Huntsville, AL",5101,51,United States,US,Alabama,AL,01,3025501,30255,"Huntsville, AL",5101,51,34,N,38,34,34.64277778,86,W,46,32,-86.77555556,-0600,1/1/1950 12:00:00 AM,6/30/2011 12:00:00 AM,0,0
1221702,12217,HSV,Huntsville International-Carl T Jones Field,"Huntsville, AL",5101,51,United States,US,Alabama,AL,01,3025501,30255,"Huntsville, AL",5101,51,34,N,38,14,34.63722222,86,W,46,30,-86.77500000,-0600,7/1/2011 12:00:00 AM,,0,1
1226401,12264,IAD,Washington Dulles International,"Washington, DC",3801,38,United States,US,Virginia,VA,51,3085201,30852,"Washington, DC (Metropolitan Area)",3201,32,38,N,56,30,38.94166667,77,W,27,27,-77.45750000,-0500,1/1/1950 12:00:00 AM,6/30/2011 12:00:00 AM,0,0
1226402,12264,IAD,Washington Dulles International,"Washington, DC",3801,38,United States,US,Virginia,VA,51,3085201,30852,"Washington, DC (Metropolitan Area)",3201,32,38,N,56,51,38.94750000,77,W,27,36,-77.46000000,-0500,7/1/2011 12:00:00 AM,6/30/2025 12:00:00 AM,0,0
1226601,12266,IAH,Houston Intercontinental,"Houston, TX",7401,74,United States,US,Texas,TX,48,3145301,31453,"Houston, TX",7401,74,29,N,59,0,29.98333333,95,W,20,24,-95.34000000,-0600,1/1/1950 12:00:00 AM,6/30/1997 12:00:00 AM,0,0
1226602,12266,IAH,George Bush Intercontinental/Houston,"Houston, TX",7401,74,United States,US,Texas,TX,48,3145301,31453,"Houston, TX",7401,74,29,N,59,0,29.98333333,95,W,20,24,-95.34000000,-0600,7/1/1997 12:00:00 AM,6/30/2011 12:00:00 AM,0,0
1226603,12266,IAH,George Bush Intercontinental/Houston,"Houston, TX",7401,74,United States,US,Texas,TX,48,3145301,31453,"Houston, TX",7401,74,29,N,59,4,29.98444444,95,W,20,29,-95.34138889,-0600,7/1/2011 12:00:00 AM,6/30/2025 12:00:00 AM,0,0
1227801,12278,ICT,Wichita Mid-Continent,"Wichita, KS",6201,62,United States,US,Kansas,KS,20,3092801,30928,"Wichita, KS",6201,62,37,N,39,0,37.65000000,97,W,25,58,-97.43277778,-0600,1/1/1950 12:00:00 AM,6/30/2011 12:00:00 AM,0,0
1227802,12278,ICT,Wichita Mid-Continent,"Wichita, KS",6201,62,United States,US,Kansas,KS,20,3092801,30928,"Wichita, KS",6201,62,37,N,39,0,37.65000000,97,W,25,59,-97.43305556,-0600,7/1/2011 12:00:00 AM,3/31/2015 12:00:00 AM,0,0
1227803,12278,ICT,Wichita Dwight D Eisenhower National,"Wichita, KS",6201,62,United States,US,Kansas,KS,20,3092801,30928,"Wichita, KS",6201,62,37,N,39,0,37.65000000,97,W,25,59,-97.43305556,-0600,4/1/2015 12:00:00 AM,10/31/2017 12:00:00 AM,0,0
1227805,12278,ICT,Wichita Dwight D Eisenhower National,"Wichita, KS",6201,62,United States,US,Kansas,KS,20,3092801,30928,"Wichita, KS",6201,62,37,N,39,0,37.65000000,97,W,25,59,-97.43305556,-0600,12/1/2017 12:00:00 AM,6/30/2025 12:00:00 AM,0,0
1228001,12280,IDA,Fanning Field,"Idaho Falls, ID",8301,83,United States,US,Idaho,ID,16,3228001,32280,"Idaho Falls, ID",8301,83,43,N,30,58,43.51611111,112,W,3,53,-112.06472222,-0700,1/1/1950 12:00:00 AM,6/30/2011 12:00:00 AM,0,0
1228002,12280,IDA,Idaho Falls Regional,"Idaho Falls, ID",8301,83,United States,US,Idaho,ID,16,3228001,32280,"Idaho Falls, ID",8301,83,43,N,30,49,43.51361111,112,W,4,15,-112.07083333,-0700,7/1/2011 12:00:00 AM,6/30/2025 12:00:00 AM,0,0
1233903,12339,IND,Indianapolis International,"Indianapolis, IN",4201,42,United States,US,Indiana,IN,18,3233701,32337,"Indianapolis, IN",4201,42,39,N,43,32,39.72555556,86,W,17,2,-86.28388889,-0500,1/1/2006 12:00:00 AM,6/30/2011 12:00:00 AM,0,0
1233904,12339,IND,Indianapolis International,"Indianapolis, IN",4201,42,United States,US,Indiana,IN,18,3233701,32337,"Indianapolis, IN",4201,42,39,N,43,2,39.71722222,86,W,17,41,-86.29472222,-0500,7/1/2011 12:00:00 AM,,0,1
1244101,12441,JAC,Jackson Hole,"Jackson, WY",8801,88,United States,US,Wyoming,WY,56,3244101,32441,"Jackson, WY",8801,88,43,N,36,24,43.60666667,110,W,44,13,-110.73694444,-0700,1/1/1950 12:00:00 AM,6/30/2011 12:00:00 AM,0,0
1244102,12441,JAC,Jackson Hole,"Jackson, WY",8801,88,United States,US,Wyoming,WY,56,3244101,32441,"Jackson, WY",8801,88,43,N,36,26,43.60722222,110,W,44,16,-110.73777778,-0700,7/1/2011 12:00:00 AM,,0,1
1244807,12448,JAN,Jackson Medgar Wiley Evers International,"Jackson/Vicksburg, MS",5301,53,United States,US,Mississippi,MS,28,3244801,32448,"Jackson/Vicksburg, MS",5301,53,32,N,18,40,32.31111111,90,W,4,33,-90.07583333,-0600,12/1/2017 12:00:00 AM,,0,1
1245101,12451,JAX,Jacksonville International,"Jacksonville, FL",3301,33,United States,US,Florida,FL,12,3113601,31136,"Jacksonville, FL",3301,33,30,N,29,5,30.48472222,81,W,41,16,-81.68777778,-0500,1/1/1950 12:00:00 AM,6/30/2011 12:00:00 AM,0,0
1245102,12451,JAX,Jacksonville International,"Jacksonville, FL",3301,33,United States,US,Florida,FL,12,3113601,31136,"Jacksonville, FL",3301,33,30,N,29,39,30.49416667,81,W,41,16,-81.68777778,-0500,7/1/2011 12:00:00 AM,6/30/2025 12:00:00 AM,0,0
1247801,12478,JFK,John F. Kennedy International,"New York, NY",2201,22,United States,US,New York,NY,36,3170301,31703,"New York City, NY (Metropolitan Area)",2201,22,40,N,38,19,40.63861111,73,W,46,37,-73.77694444,-0500,1/1/1950 12:00:00 AM,6/30/2011 12:00:00 AM,0,0
1247802,12478,JFK,John F. Kennedy International,"New York, NY",2201,22,United States,US,New York,NY,36,3170301,31703,"New York City, NY (Metropolitan Area)",2201,22,40,N,38,23,40.63972222,73,W,46,44,-73.77888889,-0500,7/1/2011 12:00:00 AM,7/31/2015 12:00:00 AM,0,0
1247803,12478,JFK,John F. Kennedy International,"New York, NY",2201,22,United States,US,New York,NY,36,3170301,31703,"New York City, NY (Metropolitan Area)",2201,22,40,N,38,24,40.64000000,73,W,46,43,-73.77861111,-0500,8/1/2015 12:00:00 AM,10/31/2017 12:00:00 AM,0,0
1247804,12478,JFK,John F. Kennedy International,"New York, NY",2201,22,United States,US,New York,NY,36,3170301,31703,"New York City, NY (Metropolitan Area)",2201,22,40,N,38,23,40.63972222,73,W,46,44,-73.77888889,-0500,11/1/2017 12:00:00 AM,11/30/2017 12:00:00 AM,0,0
1247805,12478,JFK,John F. Kennedy International,"New York, NY",2201,22,United States,US,New York,NY,36,3170301,31703,"New York City, NY (Metropolitan Area)",2201,22,40,N,38,24,40.64000000,73,W,46,43,-73.77861111,-0500,12/1/2017 12:00:00 AM,,0,1
1275803,12758,KOA,Kona International Airport at Keahole,"Kona, HI",201,2,United States,US,Hawaii,HI,15,3275801,32758,"Kona, HI",201,2,19,N,44,20,19.73888889,156,W,2,44,-156.04555556,-1000,6/1/1997 12:00:00 AM,11/30/2017 12:00:00 AM,0,0
1275804,12758,KOA,Ellison Onizuka Kona International at Keahole,"Kona, HI",201,2,United States,US,Hawaii,HI,15,3275801,32758,"Kona, HI",201,2,19,N,44,20,19.73888889,156,W,2,44,-156.04555556,-1000,12/1/2017 12:00:00 AM,6/30/2025 12:00:00 AM,0,0
1288402,12884,LAN,Capital Region International,"Lansing, MI",4301,43,United States,US,Michigan,MI,26,3288401,32884,"Lansing, MI",4301,43,42,N,46,45,42.77916667,84,W,35,18,-84.58833333,-0500,1/1/2009 12:00:00 AM,6/30/2011 12:00:00 AM,0,0
1288403,12884,LAN,Capital Region International,"Lansing, MI",4301,43,United States,US,Michigan,MI,26,3288401,32884,"Lansing, MI",4301,43,42,N,46,43,42.77861111,84,W,35,10,-84.58611111,-0500,7/1/2011 12:00:00 AM,,0,1
1288801,12888,LAR,General Brees Field,"Laramie, WY",8801,88,United States,US,Wyoming,WY,56,3288801,32888,"Laramie, WY",8801,88,41,N,18,49,41.31361111,105,W,40,23,-105.67305556,-0700,1/1/1950 12:00:00 AM,6/30/2011 12:00:00 AM,0,0
1288802,12888,LAR,Laramie Regional,"Laramie, WY",8801,88,United States,US,Wyoming,WY,56,3288801,32888,"Laramie, WY",8801,88,41,N,18,43,41.31194444,105,W,40,30,-105.67500000,-0700,7/1/2011 12:00:00 AM,6/30/2025 12:00:00 AM,0,0
1288901,12889,LAS,McCarran International,"Las Vegas, NV",8501,85,United States,US,Nevada,NV,32,3221101,32211,"Las Vegas, NV",8501,85,36,N,4,48,36.08000000,115,W,9,8,-115.15222222,-0800,1/1/1950 12:00:00 AM,12/31/1989 12:00:00 AM,0,0
1288902,12889,LAS,McCarran International,"Las Vegas, NV",8501,85,United States,US,Nevada,NV,32,3221101,32211,"Las Vegas, NV",8501,85,36,N,4,47,36.07972222,115,W,9,32,-115.15888889,-0800,1/1/1990 12:00:00 AM,6/30/2011 12:00:00 AM,0,0
1288903,12889,LAS,McCarran International,"Las Vegas, NV",8501,85,United States,US,Nevada,NV,32,3221101,32211,"Las Vegas, NV",8501,85,36,N,4,48,36.08000000,115,W,9,8,-115.15222222,-0800,7/1/2011 12:00:00 AM,9/30/2022 12:00:00 AM,0,0
1288904,12889,LAS,Harry Reid International,"Las Vegas, NV",8501,85,United States,US,Nevada,NV,32,3221101,32211,"Las Vegas, NV",8501,85,36,N,4,48,36.08000000,115,W,9,8,-115.15222222,-0800,10/1/2022 12:00:00 AM,,0,1
1289201,12892,LAX,Los Angeles International,"Los Angeles, CA",9101,91,United States,US,California,CA,06,3257501,32575,"Los Angeles, CA (Metropolitan Area)",9101,91,33,N,56,33,33.94250000,118,W,24,29,-118.40805556,-0800,1/1/1950 12:00:00 AM,6/30/2011 12:00:00 AM,0,0
1289202,12892,LAX,Los Angeles International,"Los Angeles, CA",9101,91,United States,US,California,CA,06,3257501,32575,"Los Angeles, CA (Metropolitan Area)",9101,91,33,N,56,33,33.94250000,118,W,24,26,-118.40722222,-0800,7/1/2011 12:00:00 AM,9/30/2011 12:00:00 AM,0,0
1289203,12892,LAX,Los Angeles International,"Los Angeles, CA",9101,91,United States,US,California,CA,06,3257501,32575,"Los Angeles, CA (Metropolitan Area)",9101,91,33,N,56,33,33.94250000,118,W,24,29,-118.40805556,-0800,10/1/2011 12:00:00 AM,4/30/2016 12:00:00 AM,0,0
1289204,12892,LAX,Los Angeles International,"Los Angeles, CA",9101,91,United States,US,California,CA,06,3257501,32575,"Los Angeles, CA (Metropolitan Area)",9101,91,33,N,56,33,33.94250000,118,W,24,26,-118.40722222,-0800,5/1/2016 12:00:00 AM,2/28/2017 12:00:00 AM,0,0
1289205,12892,LAX,Los Angeles International,"Los Angeles, CA",9101,91,United States,US,California,CA,06,3257501,32575,"Los Angeles, CA (Metropolitan Area)",9101,91,33,N,56,34,33.94277778,118,W,24,31,-118.40861111,-0800,3/1/2017 12:00:00 AM,7/31/2017 12:00:00 AM,0,0
1289206,12892,LAX,Los Angeles International,"Los Angeles, CA",9101,91,United States,US,California,CA,06,3257501,32575,"Los Angeles, CA (Metropolitan Area)",9101,91,33,N,56,33,33.94250000,118,W,24,29,-118.40805556,-0800,8/1/2017 12:00:00 AM,10/31/2017 12:00:00 AM,0,0
1289207,12892,LAX,Los Angeles International,"Los Angeles, CA",9101,91,United States,US,California,CA,06,3257501,32575,"Los Angeles, CA (Metropolitan Area)",9101,91,33,N,56,33,33.94250000,118,W,24,26,-118.40722222,-0800,11/1/2017 12:00:00 AM,11/30/2017 12:00:00 AM,0,0
1289208,12892,LAX,Los Angeles International,"Los Angeles, CA",9101,91,United States,US,California,CA,06,3257501,32575,"Los Angeles, CA (Metropolitan Area)",9101,91,33,N,56,33,33.94250000,118,W,24,29,-118.40805556,-0800,12/1/2017 12:00:00 AM,6/30/2025 12:00:00 AM,0,0
1289603,12896,LBB,Lubbock Preston Smith International,"Lubbock, TX",7401,74,United States,US,Texas,TX,48,3289601,32896,"Lubbock, TX",7401,74,33,N,39,49,33.66361111,101,W,49,20,-101.82222222,-0600,4/1/2005 12:00:00 AM,6/30/2011 12:00:00 AM,0,0
1289604,12896,LBB,Lubbock Preston Smith International,"Lubbock, TX",7401,74,United States,US,Texas,TX,48,3289601,32896,"Lubbock, TX",7401,74,33,N,39,49,33.66361111,101,W,49,22,-101.82277778,-0600,7/1/2011 12:00:00 AM,6/30/2012 12:00:00 AM,0,0
1289605,12896,LBB,Lubbock Preston Smith International,"Lubbock, TX",7401,74,United States,US,Texas,TX,48,3289601,32896,"Lubbock, TX",7401,74,33,N,39,49,33.66361111,101,W,49,14,-101.82055556,-0600,7/1/2012 12:00:00 AM,10/31/2017 12:00:00 AM,0,0
1289607,12896,LBB,Lubbock Preston Smith International,"Lubbock, TX",7401,74,United States,US,Texas,TX,48,3289601,32896,"Lubbock, TX",7401,74,33,N,39,49,33.66361111,101,W,49,14,-101.82055556,-0600,12/1/2017 12:00:00 AM,6/30/2025 12:00:00 AM,0,0
1289901,12899,LBF,North Platte Regional Airport Lee Bird Field,"North Platte, NE",6501,65,United States,US,Nebraska,NE,31,3289901,32899,"North Platte, NE",6501,65,41,N,7,42,41.12833333,100,W,41,48,-100.69666667,-0600,1/1/1950 12:00:00 AM,6/30/2011 12:00:00 AM,0,0
1289902,12899,LBF,North Platte Regional Airport Lee Bird Field,"North Platte, NE",6501,65,United States,US,Nebraska,NE,31,3289901,32899,"North Platte, NE",6501,65,41,N,7,34,41.12611111,100,W,41,1,-100.68361111,-0600,7/1/2011 12:00:00 AM,,0,1
1295101,12951,LFT,Lafayette Regional,"Lafayette, LA",7201,72,United States,US,Louisiana,LA,22,3295101,32951,"Lafayette, LA",7201,72,30,N,12,17,30.20472222,91,W,59,15,-91.98750000,-0600,1/1/1950 12:00:00 AM,6/30/2011 12:00:00 AM,0,0
1295106,12951,LFT,Lafayette Regional Paul Fournet Field,"Lafayette, LA",7201,72,United States,US,Louisiana,LA,22,3295101,32951,"Lafayette, LA",7201,72,30,N,12,18,30.20500000,91,W,59,16,-91.98777778,-0600,12/1/2017 12:00:00 AM,6/30/2025 12:00:00 AM,0,0
1295301,12953,LGA,LaGuardia,"New York, NY",2201,22,United States,US,New York,NY,36,3170301,31703,"New York City, NY (Metropolitan Area)",2201,22,40,N,46,46,40.77944444,73,W,52,33,-73.87583333,-0500,1/1/1950 12:00:00 AM,6/30/2011 12:00:00 AM,0,0
1295302,12953,LGA,LaGuardia,"New York, NY",2201,22,United States,US,New York,NY,36,3170301,31703,"New York City, NY (Metropolitan Area)",2201,22,40,N,46,38,40.77722222,73,W,52,21,-73.87250000,-0500,7/1/2011 12:00:00 AM,10/31/2017 12:00:00 AM,0,0
1295304,12953,LGA,LaGuardia,"New York, NY",2201,22,United States,US,New York,NY,36,3170301,31703,"New York City, NY (Metropolitan Area)",2201,22,40,N,46,38,40.77722222,73,W,52,21,-73.87250000,-0500,12/1/2017 12:00:00 AM,,0,1
1295401,12954,LGB,Long Beach Daugherty Field,"Long Beach, CA",9101,91,United States,US,California,CA,06,3257501,32575,"Los Angeles, CA (Metropolitan Area)",9101,91,33,N,49,3,33.81750000,118,W,9,4,-118.15111111,-0800,1/1/1950 12:00:00 AM,6/30/2011 12:00:00 AM,0,0
1295402,12954,LGB,Long Beach Airport,"Long Beach, CA",9101,91,United States,US,California,CA,06,3257501,32575,"Los Angeles, CA (Metropolitan Area)",9101,91,33,N,49,4,33.81777778,118,W,9,6,-118.15166667,-0800,7/1/2011 12:00:00 AM,6/30/2016 12:00:00 AM,0,0
1295403,12954,LGB,Long Beach Airport,"Long Beach, CA",9101,91,United States,US,California,CA,06,3257501,32575,"Los Angeles, CA (Metropolitan Area)",9101,91,33,N,49,3,33.81750000,118,W,9,5,-118.15138889,-0800,7/1/2016 12:00:00 AM,7/31/2017 12:00:00 AM,0,0
1295404,12954,LGB,Long Beach Airport,"Long Beach, CA",9101,91,United States,US,California,CA,06,3257501,32575,"Los Angeles, CA (Metropolitan Area)",9101,91,33,N,49,4,33.81777778,118,W,9,5,-118.15138889,-0800,8/1/2017 12:00:00 AM,10/31/2017 12:00:00 AM,0,0
1295405,12954,LGB,Long Beach Airport,"Long Beach, CA",9101,91,United States,US,California,CA,06,3257501,32575,"Los Angeles, CA (Metropolitan Area)",9101,91,33,N,49,4,33.81777778,118,W,9,6,-118.15166667,-0800,11/1/2017 12:00:00 AM,11/30/2017 12:00:00 AM,0,0
1295406,12954,LGB,Long Beach Airport,"Long Beach, CA",9101,91,United States,US,California,CA,06,3257501,32575,"Los Angeles, CA (Metropolitan Area)",9101,91,33,N,49,4,33.81777778,118,W,9,5,-118.15138889,-0800,12/1/2017 12:00:00 AM,9/30/2018 12:00:00 AM,0,0
1295407,12954,LGB,Long Beach Airport,"Long Beach, CA",9101,91,United States,US,California,CA,06,3257501,32575,"Los Angeles, CA (Metropolitan Area)",9101,91,33,N,49,5,33.81805556,118,W,9,7,-118.15194444,-0800,10/1/2018 12:00:00 AM,,0,1
1298202,12982,LIH,Lihue Airport,"Lihue, HI",201,2,United States,US,Hawaii,HI,15,3298201,32982,"Lihue, HI",201,2,21,N,58,34,21.97611111,159,W,20,20,-159.33888889,-1000,7/1/2011 12:00:00 AM,6/30/2025 12:00:00 AM,0,0
1299202,12992,LIT,Adams Field,"Little Rock, AR",7101,71,United States,US,Arkansas,AR,05,3260001,32600,"Little Rock, AR",7101,71,34,N,43,44,34.72888889,92,W,13,29,-92.22472222,-0600,12/1/1995 12:00:00 AM,6/30/2011 12:00:00 AM,0,0
1299203,12992,LIT,Adams Field,"Little Rock, AR",7101,71,United States,US,Arkansas,AR,05,3260001,32600,"Little Rock, AR",7101,71,34,N,43,46,34.72944444,92,W,13,29,-92.22472222,-0600,7/1/2011 12:00:00 AM,9/30/2012 12:00:00 AM,0,0
1299204,12992,LIT,Bill and Hillary Clinton Nat Adams Field,"Little Rock, AR",7101,71,United States,US,Arkansas,AR,05,3260001,32600,"Little Rock, AR",7101,71,34,N,43,46,34.72944444,92,W,13,29,-92.22472222,-0600,10/1/2012 12:00:00 AM,10/31/2017 12:00:00 AM,0,0
1299206,12992,LIT,Bill and Hillary Clinton Nat Adams Field,"Little Rock, AR",7101,71,United States,US,Arkansas,AR,05,3260001,32600,"Little Rock, AR",7101,71,34,N,43,46,34.72944444,92,W,13,29,-92.22472222,-0600,12/1/2017 12:00:00 AM,,0,1
1302901,13029,LNK,Lincoln Airport,"Lincoln, NE",6501,65,United States,US,Nebraska,NE,31,3302901,33029,"Lincoln, NE",6501,65,40,N,51,3,40.85083333,96,W,45,32,-96.75888889,-0600,1/1/1950 12:00:00 AM,6/30/2011 12:00:00 AM,0,0
1302902,13029,LNK,Lincoln Airport,"Lincoln, NE",6501,65,United States,US,Nebraska,NE,31,3302901,33029,"Lincoln, NE",6501,65,40,N,51,3,40.85083333,96,W,45,33,-96.75916667,-0600,7/1/2011 12:00:00 AM,6/30/2025 12:00:00 AM,0,0
1312701,13127,LWS,Lewiston Nez Perce County,"Lewiston, ID",8301,83,United States,US,Idaho,ID,16,3312701,33127,"Lewiston, ID",8301,83,46,N,22,29,46.37472222,117,W,0,52,-117.01444444,-0800,1/1/1950 12:00:00 AM,6/30/2011 12:00:00 AM,0,0
1312702,13127,LWS,Lewiston Nez Perce County,"Lewiston, ID",8301,83,United States,US,Idaho,ID,16,3312701,33127,"Lewiston, ID",8301,83,46,N,22,28,46.37444444,117,W,0,55,-117.01527778,-0800,7/1/2011 12:00:00 AM,6/30/2025 12:00:00 AM,0,0
1315802,13158,MAF,Midland International,"Midland/Odessa, TX",7401,74,United States,US,Texas,TX,48,3315801,33158,"Midland/Odessa, TX",7401,74,31,N,56,33,31.94250000,102,W,12,7,-102.20194444,-0600,1/1/1993 12:00:00 AM,2/28/2017 12:00:00 AM,0,0
1315805,13158,MAF,Midland International Air and Space Port,"Midland/Odessa, TX",7401,74,United States,US,Texas,TX,48,3315801,33158,"Midland/Odessa, TX",7401,74,31,N,56,33,31.94250000,102,W,12,7,-102.20194444,-0600,12/1/2017 12:00:00 AM,,0,1
1319801,13198,MCI,Kansas City International,"Kansas City, MO",6401,64,United States,US,Missouri,MO,29,3319801,33198,"Kansas City, MO",6401,64,39,N,17,51,39.29750000,94,W,42,50,-94.71388889,-0600,1/1/1950 12:00:00 AM,6/30/2025 12:00:00 AM,0,0
1320401,13204,MCO,Orlando International,"Orlando, FL",3301,33,United States,US,Florida,FL,12,3145401,31454,"Orlando, FL",3301,33,28,N,25,54,28.43166667,81,W,19,29,-81.32472222,-0500,1/1/1950 12:00:00 AM,6/30/2011 12:00:00 AM,0,0
1320402,13204,MCO,Orlando International,"Orlando, FL",3301,33,United States,US,Florida,FL,12,3145401,31454,"Orlando, FL",3301,33,28,N,25,46,28.42944444,81,W,18,32,-81.30888889,-0500,7/1/2011 12:00:00 AM,6/30/2025 12:00:00 AM,0,0
1323002,13230,MDT,Harrisburg International,"Harrisburg, PA",2301,23,United States,US,Pennsylvania,PA,42,3207001,32070,"Harrisburg, PA",2301,23,40,N,11,35,40.19305556,76,W,45,45,-76.76250000,-0500,7/1/2011 12:00:00 AM,,0,1
1323201,13232,MDW,Chicago Midway International,"Chicago, IL",4101,41,United States,US,Illinois,IL,17,3097701,30977,"Chicago, IL",4101,41,41,N,47,6,41.78500000,87,W,45,7,-87.75194444,-0600,1/1/1950 12:00:00 AM,6/30/2011 12:00:00 AM,0,0
1323202,13232,MDW,Chicago Midway International,"Chicago, IL",4101,41,United States,US,Illinois,IL,17,3097701,30977,"Chicago, IL",4101,41,41,N,47,9,41.78583333,87,W,45,9,-87.75250000,-0600,7/1/2011 12:00:00 AM,,0,1
1324401,13244,MEM,Memphis International,"Memphis, TN",5401,54,United States,US,Tennessee,TN,47,3324401,33244,"Memphis, TN",5401,54,35,N,2,59,35.04972222,89,W,58,43,-89.97861111,-0600,1/1/1950 12:00:00 AM,6/30/2011 12:00:00 AM,0,0
1324402,13244,MEM,Memphis International,"Memphis, TN",5401,54,United States,US,Tennessee,TN,47,3324401,33244,"Memphis, TN",5401,54,35,N,2,33,35.04250000,89,W,58,36,-89.97666667,-0600,7/1/2011 12:00:00 AM,6/30/2025 12:00:00 AM,0,0
1326402,13264,MFR,Rogue Valley International - Medford,"Medford, OR",9201,92,United States,US,Oregon,OR,41,3326401,33264,"Medford, OR",9201,92,42,N,22,25,42.37361111,122,W,52,20,-122.87222222,-0800,3/1/1995 12:00:00 AM,6/30/2011 12:00:00 AM,0,0
1326403,13264,MFR,Rogue Valley International - Medford,"Medford, OR",9201,92,United States,US,Oregon,OR,41,3326401,33264,"Medford, OR",9201,92,42,N,22,27,42.37416667,122,W,52,25,-122.87361111,-0800,7/1/2011 12:00:00 AM,9/30/2022 12:00:00 AM,0,0
1326404,13264,MFR,Rogue Valley International - Medford,"Medford, OR",9201,92,United States,US,Oregon,OR,41,3326401,33264,"Medford, OR",9201,92,42,N,22,30,42.37500000,122,W,52,24,-122.87333333,-0800,10/1/2022 12:00:00 AM,,0,1
1327702,13277,MGM,Montgomery Regional,"Montgomery, AL",5101,51,United States,US,Alabama,AL,01,3327701,33277,"Montgomery, AL",5101,51,32,N,18,2,32.30055556,86,W,23,38,-86.39388889,-0600,7/1/2011 12:00:00 AM,6/30/2025 12:00:00 AM,0,0
1329604,13296,MHT,Manchester-Boston Regional,"Manchester, NH",1401,14,United States,US,New Hampshire,NH,33,3072101,30721,"Boston, MA (Metropolitan Area)",1301,13,42,N,55,58,42.93277778,71,W,26,9,-71.43583333,-0500,7/1/2011 12:00:00 AM,9/30/2022 12:00:00 AM,0,0
1330302,13303,MIA,Miami International,"Miami, FL",3301,33,United States,US,Florida,FL,12,3246701,32467,"Miami, FL (Metropolitan Area)",3301,33,25,N,47,33,25.79250000,80,W,17,10,-80.28611111,-0500,4/1/1980 12:00:00 AM,6/30/2011 12:00:00 AM,0,0
1330303,13303,MIA,Miami International,"Miami, FL",3301,33,United States,US,Florida,FL,12,3246701,32467,"Miami, FL (Metropolitan Area)",3301,33,25,N,47,43,25.79527778,80,W,17,24,-80.29000000,-0500,7/1/2011 12:00:00 AM,6/30/2025 12:00:00 AM,0,0
1334202,13342,MKE,General Mitchell International,"Milwaukee, WI",4501,45,United States,US,Wisconsin,WI,55,3334201,33342,"Milwaukee, WI",4501,45,42,N,57,1,42.95027778,87,W,53,50,-87.89722222,-0600,6/1/1986 12:00:00 AM,6/30/2011 12:00:00 AM,0,0
1334203,13342,MKE,General Mitchell International,"Milwaukee, WI",4501,45,United States,US,Wisconsin,WI,55,3334201,33342,"Milwaukee, WI",4501,45,42,N,56,50,42.94722222,87,W,53,48,-87.89666667,-0600,7/1/2011 12:00:00 AM,9/30/2011 12:00:00 AM,0,0
1334204,13342,MKE,General Mitchell International,"Milwaukee, WI",4501,45,United States,US,Wisconsin,WI,55,3334201,33342,"Milwaukee, WI",4501,45,42,N,56,49,42.94694444,87,W,53,48,-87.89666667,-0600,10/1/2011 12:00:00 AM,7/31/2012 12:00:00 AM,0,0
1334205,13342,MKE,General Mitchell International,"Milwaukee, WI",4501,45,United States,US,Wisconsin,WI,55,3334201,33342,"Milwaukee, WI",4501,45,42,N,56,49,42.94694444,87,W,53,49,-87.89694444,-0600,8/1/2012 12:00:00 AM,10/31/2017 12:00:00 AM,0,0
1334207,13342,MKE,General Mitchell International,"Milwaukee, WI",4501,45,United States,US,Wisconsin,WI,55,3334201,33342,"Milwaukee, WI",4501,45,42,N,56,49,42.94694444,87,W,53,49,-87.89694444,-0600,12/1/2017 12:00:00 AM,,0,1
1336003,13360,MLB,Melbourne International,"Melbourne, FL",3301,33,United States,US,Florida,FL,12,3336001,33360,"Melbourne, FL",3301,33,28,N,6,10,28.10277778,80,W,38,43,-80.64527778,-0500,7/1/2011 12:00:00 AM,9/30/2022 12:00:00 AM,0,0
1336701,13367,MLI,Quad City International,"Moline, IL",4101,41,United States,US,Illinois,IL,17,3336701,33367,"Quad Cities, IL (Metropolitan Area)",4101,41,41,N,26,56,41.44888889,90,W,30,18,-90.50500000,-0600,1/1/1950 12:00:00 AM,6/30/2011 12:00:00 AM,0,0
1336703,13367,MLI,Quad City International,"Moline, IL",4101,41,United States,US,Illinois,IL,17,3336701,33367,"Quad Cities, IL (Metropolitan Area)",4101,41,41,N,26,54,41.44833333,90,W,30,27,-90.50750000,-0600,1/1/2012 12:00:00 AM,10/31/2017 12:00:00 AM,0,0
1336707,13367,MLI,Quad Cities International,"Moline, IL",4101,41,United States,US,Illinois,IL,17,3336701,33367,"Quad Cities, IL (Metropolitan Area)",4101,41,41,N,26,54,41.44833333,90,W,30,28,-90.50777778,-0600,5/1/2023 12:00:00 AM,6/30/2025 12:00:00 AM,0,0
1342201,13422,MOB,Mobile Regional,"Mobile, AL",5101,51,United States,US,Alabama,AL,01,3056201,30562,"Mobile, AL",5101,51,30,N,41,18,30.68833333,88,W,14,27,-88.24083333,-0600,1/1/1950 12:00:00 AM,6/30/2011 12:00:00 AM,0,0
1342202,13422,MOB,Mobile Regional,"Mobile, AL",5101,51,United States,US,Alabama,AL,01,3056201,30562,"Mobile, AL",5101,51,30,N,41,29,30.69138889,88,W,14,34,-88.24277778,-0600,7/1/2011 12:00:00 AM,,0,1
1343301,13433,MOT,Minot International,"Minot, ND",6601,66,United States,US,North Dakota,ND,38,3330401,33304,"Minot, ND",6601,66,48,N,15,34,48.25944444,101,W,16,51,-101.28083333,-0600,1/1/1950 12:00:00 AM,6/30/2011 12:00:00 AM,0,0
1343302,13433,MOT,Minot International,"Minot, ND",6601,66,United States,US,North Dakota,ND,38,3330401,33304,"Minot, ND",6601,66,48,N,15,28,48.25777778,101,W,16,41,-101.27805556,-0600,7/1/2011 12:00:00 AM,,0,1
1347601,13476,MRY,Monterey Peninsula,"Monterey, CA",9101,91,United States,US,California,CA,06,3492201,34922,"Salinas/Monterey, CA",9101,91,36,N,35,17,36.58805556,121,W,50,53,-121.84805556,-0800,1/1/1950 12:00:00 AM,6/30/2011 12:00:00 AM,0,0
1347605,13476,MRY,Monterey Regional,"Monterey, CA",9101,91,United States,US,California,CA,06,3492201,34922,"Salinas/Monterey, CA",9101,91,36,N,35,13,36.58694444,121,W,50,35,-121.84305556,-0800,12/1/2017 12:00:00 AM,6/30/2025 12:00:00 AM,0,0
1348501,13485,MSN,Truax Field,"Madison, WI",4501,45,United States,US,Wisconsin,WI,55,3348501,33485,"Madison, WI",4501,45,43,N,8,31,43.14194444,89,W,20,13,-89.33694444,-0600,1/1/1950 12:00:00 AM,6/30/2011 12:00:00 AM,0,0
1348502,13485,MSN,Dane County Regional-Truax Field,"Madison, WI",4501,45,United States,US,Wisconsin,WI,55,3348501,33485,"Madison, WI",4501,45,43,N,8,24,43.14000000,89,W,20,15,-89.33750000,-0600,7/1/2011 12:00:00 AM,,0,1
1348601,13486,MSO,Missoula International,"Missoula, MT",8401,84,United States,US,Montana,MT,30,3348601,33486,"Missoula, MT",8401,84,46,N,54,56,46.91555556,114,W,5,15,-114.08750000,-0700,1/1/1950 12:00:00 AM,6/30/2011 12:00:00 AM,0,0
1348602,13486,MSO,Missoula International,"Missoula, MT",8401,84,United States,US,Montana,MT,30,3348601,33486,"Missoula, MT",8401,84,46,N,54,59,46.91638889,114,W,5,26,-114.09055556,-0700,7/1/2011 12:00:00 AM,9/30/2022 12:00:00 AM,0,0
1348603,13486,MSO,Missoula Montana,"Missoula, MT",8401,84,United States,US,Montana,MT,30,3348601,33486,"Missoula, MT",8401,84,46,N,54,59,46.91638889,114,W,5,26,-114.09055556,-0700,10/1/2022 12:00:00 AM,6/30/2025 12:00:00 AM,0,0
1348701,13487,MSP,Minneapolis-St Paul International,"Minneapolis, MN",6301,63,United States,US,Minnesota,MN,27,3165001,31650,"Minneapolis/St. Paul, MN",6301,63,44,N,53,10,44.88611111,93,W,13,4,-93.21777778,-0600,1/1/1950 12:00:00 AM,6/30/2011 12:00:00 AM,0,0
1348702,13487,MSP,Minneapolis-St Paul International,"Minneapolis, MN",6301,63,United States,US,Minnesota,MN,27,3165001,31650,"Minneapolis/St. Paul, MN",6301,63,44,N,52,55,44.88194444,93,W,13,18,-93.22166667,-0600,7/1/2011 12:00:00 AM,,0,1
1349501,13495,MSY,Louis Armstrong New Orleans International,"New Orleans, LA",7201,72,United States,US,Louisiana,LA,22,3349501,33495,"New Orleans, LA",7201,72,29,N,59,28,29.99111111,90,W,15,5,-90.25138889,-0600,1/1/1950 12:00:00 AM,6/30/2011 12:00:00 AM,0,0
1349502,13495,MSY,Louis Armstrong New Orleans International,"New Orleans, LA",7201,72,United States,US,Louisiana,LA,22,3349501,33495,"New Orleans, LA",7201,72,29,N,59,36,29.99333333,90,W,15,29,-90.25805556,-0600,7/1/2011 12:00:00 AM,4/30/2013 12:00:00 AM,0,0
1349503,13495,MSY,Louis Armstrong New Orleans International,"New Orleans, LA",7201,72,United States,US,Louisiana,LA,22,3349501,33495,"New Orleans, LA",7201,72,29,N,59,36,29.99333333,90,W,15,33,-90.25916667,-0600,5/1/2013 12:00:00 AM,10/31/2017 12:00:00 AM,0,0
1349504,13495,MSY,Louis Armstrong New Orleans International,"New Orleans, LA",7201,72,United States,US,Louisiana,LA,22,3349501,33495,"New Orleans, LA",7201,72,29,N,59,36,29.99333333,90,W,15,29,-90.25805556,-0600,11/1/2017 12:00:00 AM,11/30/2017 12:00:00 AM,0,0
1349505,13495,MSY,Louis Armstrong New Orleans International,"New Orleans, LA",7201,72,United States,US,Louisiana,LA,22,3349501,33495,"New Orleans, LA",7201,72,29,N,59,36,29.99333333,90,W,15,33,-90.25916667,-0600,12/1/2017 12:00:00 AM,6/30/2025 12:00:00 AM,0,0
1350201,13502,MTJ,Montrose Regional,"Montrose/Delta, CO",8201,82,United States,US,Colorado,CO,08,3350201,33502,"Montrose/Delta, CO",8201,82,38,N,30,2,38.50055556,107,W,53,41,-107.89472222,-0700,1/1/1950 12:00:00 AM,6/30/2011 12:00:00 AM,0,0
1350202,13502,MTJ,Montrose Regional,"Montrose/Delta, CO",8201,82,United States,US,Colorado,CO,08,3350201,33502,"Montrose/Delta, CO",8201,82,38,N,30,35,38.50972222,107,W,53,39,-107.89416667,-0700,7/1/2011 12:00:00 AM,6/30/2025 12:00:00 AM,0,0
1354604,13546,MWH,Grant County International,"Moses Lake, WA",9301,93,United States,US,Washington,WA,53,3354601,33546,"Moses Lake, WA",9301,93,47,N,12,38,47.21055556,119,W,19,16,-119.32111111,-0800,2/1/2020 12:00:00 AM,,0,1
1379601,13796,OAK,Metropolitan Oakland International,"Oakland, CA",9101,91,United States,US,California,CA,06,3245701,32457,"San Francisco, CA (Metropolitan Area)",9101,91,37,N,43,17,37.72138889,122,W,13,15,-122.22083333,-0800,1/1/1950 12:00:00 AM,10/31/2013 12:00:00 AM,0,0
1379602,13796,OAK,Metropolitan Oakland International,"Oakland, CA",9101,91,United States,US,California,CA,06,3245701,32457,"San Francisco, CA (Metropolitan Area)",9101,91,37,N,43,17,37.72138889,122,W,13,16,-122.22111111,-0800,11/1/2013 12:00:00 AM,1/31/2014 12:00:00 AM,0,0
1379603,13796,OAK,Metropolitan Oakland International,"Oakland, CA",9101,91,United States,US,California,CA,06,3245701,32457,"San Francisco, CA (Metropolitan Area)",9101,91,37,N,43,22,37.72277778,122,W,13,17,-122.22138889,-0800,2/1/2014 12:00:00 AM,3/31/2015 12:00:00 AM,0,0
1379604,13796,OAK,Metropolitan Oakland International,"Oakland, CA",9101,91,United States,US,California,CA,06,3245701,32457,"San Francisco, CA (Metropolitan Area)",9101,91,37,N,43,17,37.72138889,122,W,13,16,-122.22111111,-0800,4/1/2015 12:00:00 AM,7/31/2017 12:00:00 AM,0,0
1379605,13796,OAK,Metropolitan Oakland International,"Oakland, CA",9101,91,United States,US,California,CA,06,3245701,32457,"San Francisco, CA (Metropolitan Area)",9101,91,37,N,43,7,37.71861111,122,W,13,18,-122.22166667,-0800,8/1/2017 12:00:00 AM,8/31/2017 12:00:00 AM,0,0
1379606,13796,OAK,Metropolitan Oakland International,"Oakland, CA",9101,91,United States,US,California,CA,06,3245701,32457,"San Francisco, CA (Metropolitan Area)",9101,91,37,N,43,16,37.72111111,122,W,13,16,-122.22111111,-0800,9/1/2017 12:00:00 AM,10/31/2017 12:00:00 AM,0,0
1379607,13796,OAK,Metropolitan Oakland International,"Oakland, CA",9101,91,United States,US,California,CA,06,3245701,32457,"San Francisco, CA (Metropolitan Area)",9101,91,37,N,43,17,37.72138889,122,W,13,15,-122.22083333,-0800,11/1/2017 12:00:00 AM,11/30/2017 12:00:00 AM,0,0
1379608,13796,OAK,Metropolitan Oakland International,"Oakland, CA",9101,91,United States,US,California,CA,06,3245701,32457,"San Francisco, CA (Metropolitan Area)",9101,91,37,N,43,16,37.72111111,122,W,13,16,-122.22111111,-0800,12/1/2017 12:00:00 AM,9/30/2022 12:00:00 AM,0,0
1379609,13796,OAK,Metro Oakland International,"Oakland, CA",9101,91,United States,US,California,CA,06,3245701,32457,"San Francisco, CA (Metropolitan Area)",9101,91,37,N,43,16,37.72111111,122,W,13,16,-122.22111111,-0800,10/1/2022 12:00:00 AM,4/30/2023 12:00:00 AM,0,0
1379610,13796,OAK,Metro Oakland International,"Oakland, CA",9101,91,United States,US,California,CA,06,3245701,32457,"San Francisco, CA (Metropolitan Area)",9101,91,37,N,43,17,37.72138889,122,W,13,16,-122.22111111,-0800,5/1/2023 12:00:00 AM,6/30/2025 12:00:00 AM,0,0
1382901,13829,OGD,Ogden-Hinckley,"Ogden, UT",8701,87,United States,US,Utah,UT,49,3213101,32131,"Ogden, UT",8701,87,41,N,11,47,41.19638889,112,W,0,39,-112.01083333,-0700,1/1/1950 12:00:00 AM,6/30/2011 12:00:00 AM,0,0
1382902,13829,OGD,Ogden-Hinckley,"Ogden, UT",8701,87,United States,US,Utah,UT,49,3213101,32131,"Ogden, UT",8701,87,41,N,11,44,41.19555556,112,W,0,47,-112.01305556,-0700,7/1/2011 12:00:00 AM,8/31/2019 12:00:00 AM,0,0
1382903,13829,OGD,Ogden-Hinckley,"Ogden, UT",8701,87,United States,US,Utah,UT,49,3213101,32131,"Ogden, UT",8701,87,41,N,11,42,41.19500000,112,W,0,44,-112.01222222,-0700,9/1/2019 12:00:00 AM,6/30/2025 12:00:00 AM,0,0
1383001,13830,OGG,Kahului Airport,"Kahului, HI",201,2,United States,US,Hawaii,HI,15,3383001,33830,"Kahului, HI",201,2,20,N,54,2,20.90055556,156,W,26,1,-156.43361111,-1000,1/1/1950 12:00:00 AM,6/30/2011 12:00:00 AM,0,0
1383002,13830,OGG,Kahului Airport,"Kahului, HI",201,2,United States,US,Hawaii,HI,15,3383001,33830,"Kahului, HI",201,2,20,N,53,55,20.89861111,156,W,25,50,-156.43055556,-1000,7/1/2011 12:00:00 AM,6/30/2025 12:00:00 AM,0,0
1385101,13851,OKC,Will Rogers World,"Oklahoma City, OK",7301,73,United States,US,Oklahoma,OK,40,3385101,33851,"Oklahoma City, OK",7301,73,35,N,23,32,35.39222222,97,W,36,6,-97.60166667,-0600,1/1/1950 12:00:00 AM,11/30/1989 12:00:00 AM,0,0
1385102,13851,OKC,Will Rogers World,"Oklahoma City, OK",7301,73,United States,US,Oklahoma,OK,40,3385101,33851,"Oklahoma City, OK",7301,73,35,N,23,35,35.39305556,97,W,36,2,-97.60055556,-0600,12/1/1989 12:00:00 AM,6/30/2011 12:00:00 AM,0,0
1385103,13851,OKC,Will Rogers World,"Oklahoma City, OK",7301,73,United States,US,Oklahoma,OK,40,3385101,33851,"Oklahoma City, OK",7301,73,35,N,23,35,35.39305556,97,W,36,3,-97.60083333,-0600,7/1/2011 12:00:00 AM,6/30/2025 12:00:00 AM,0,0
1387101,13871,OMA,Eppley Airfield,"Omaha, NE",6501,65,United States,US,Nebraska,NE,31,3331601,33316,"Omaha, NE",6501,65,41,N,18,7,41.30194444,95,W,53,36,-95.89333333,-0600,1/1/1950 12:00:00 AM,6/30/2011 12:00:00 AM,0,0
1387102,13871,OMA,Eppley Airfield,"Omaha, NE",6501,65,United States,US,Nebraska,NE,31,3331601,33316,"Omaha, NE",6501,65,41,N,18,11,41.30305556,95,W,53,39,-95.89416667,-0600,7/1/2011 12:00:00 AM,6/30/2025 12:00:00 AM,0,0
1389101,13891,ONT,Ontario International,"Ontario, CA",9101,91,United States,US,California,CA,06,3257501,32575,"Los Angeles, CA (Metropolitan Area)",9101,91,34,N,3,22,34.05611111,117,W,36,4,-117.60111111,-0800,1/1/1950 12:00:00 AM,,0,1
1393001,13930,ORD,Chicago O'Hare International,"Chicago, IL",4101,41,United States,US,Illinois,IL,17,3097701,30977,"Chicago, IL",4101,41,41,N,58,41,41.97805556,87,W,54,22,-87.90611111,-0600,1/1/1950 12:00:00 AM,6/30/2011 12:00:00 AM,0,0
1393002,13930,ORD,Chicago O'Hare International,"Chicago, IL",4101,41,United States,US,Illinois,IL,17,3097701,30977,"Chicago, IL",4101,41,41,N,58,54,41.98166667,87,W,54,24,-87.90666667,-0600,7/1/2011 12:00:00 AM,9/30/2013 12:00:00 AM,0,0
1393003,13930,ORD,Chicago O'Hare International,"Chicago, IL",4101,41,United States,US,Illinois,IL,17,3097701,30977,"Chicago, IL",4101,41,41,N,58,46,41.97944444,87,W,54,27,-87.90750000,-0600,10/1/2013 12:00:00 AM,9/30/2015 12:00:00 AM,0,0
1393004,13930,ORD,Chicago O'Hare International,"Chicago, IL",4101,41,United States,US,Illinois,IL,17,3097701,30977,"Chicago, IL",4101,41,41,N,58,38,41.97722222,87,W,54,29,-87.90805556,-0600,10/1/2015 12:00:00 AM,10/31/2017 12:00:00 AM,0,0
1393005,13930,ORD,Chicago O'Hare International,"Chicago, IL",4101,41,United States,US,Illinois,IL,17,3097701,30977,"Chicago, IL",4101,41,41,N,58,54,41.98166667,87,W,54,24,-87.90666667,-0600,11/1/2017 12:00:00 AM,11/30/2017 12:00:00 AM,0,0
1393006,13930,ORD,Chicago O'Hare International,"Chicago, IL",4101,41,United States,US,Illinois,IL,17,3097701,30977,"Chicago, IL",4101,41,41,N,58,38,41.97722222,87,W,54,29,-87.90805556,-0600,12/1/2017 12:00:00 AM,9/30/2018 12:00:00 AM,0,0
1393007,13930,ORD,Chicago O'Hare International,"Chicago, IL",4101,41,United States,US,Illinois,IL,17,3097701,30977,"Chicago, IL",4101,41,41,N,58,28,41.97444444,87,W,54,24,-87.90666667,-0600,10/1/2018 12:00:00 AM,9/30/2022 12:00:00 AM,0,0
1393008,13930,ORD,Chicago O'Hare International,"Chicago, IL",4101,41,United States,US,Illinois,IL,17,3097701,30977,"Chicago, IL",4101,41,41,N,58,37,41.97694444,87,W,54,29,-87.90805556,-0600,10/1/2022 12:00:00 AM,,0,1
1393102,13931,ORF,Norfolk International,"Norfolk, VA",3801,38,United States,US,Virginia,VA,51,3366701,33667,"Norfolk, VA (Metropolitan Area)",3801,38,36,N,53,41,36.89472222,76,W,12,4,-76.20111111,-0500,7/1/2011 12:00:00 AM,,0,1
1402702,14027,PBI,Palm Beach International,"West Palm Beach/Palm Beach, FL",3301,33,United States,US,Florida,FL,12,3402701,34027,"West Palm Beach/Palm Beach, FL",3301,33,26,N,40,59,26.68305556,80,W,5,44,-80.09555556,-0500,7/1/2011 12:00:00 AM,,0,1
1405701,14057,PDX,Portland International,"Portland, OR",9201,92,United States,US,Oregon,OR,41,3405701,34057,"Portland, OR",9201,92,45,N,35,21,45.58916667,122,W,35,42,-122.59500000,-0800,1/1/1950 12:00:00 AM,6/30/2011 12:00:00 AM,0,0
1405702,14057,PDX,Portland International,"Portland, OR",9201,92,United States,US,Oregon,OR,41,3405701,34057,"Portland, OR",9201,92,45,N,35,19,45.58861111,122,W,35,49,-122.59694444,-0800,7/1/2011 12:00:00 AM,6/30/2025 12:00:00 AM,0,0
1410001,14100,PHL,Philadelphia International,"Philadelphia, PA",2301,23,United States,US,Pennsylvania,PA,42,3410001,34100,"Philadelphia, PA",2301,23,39,N,52,5,39.86805556,75,W,14,55,-75.24861111,-0500,1/1/1950 12:00:00 AM,6/30/2011 12:00:00 AM,0,0
1410002,14100,PHL,Philadelphia International,"Philadelphia, PA",2301,23,United States,US,Pennsylvania,PA,42,3410001,34100,"Philadelphia, PA",2301,23,39,N,52,20,39.87222222,75,W,14,27,-75.24083333,-0500,7/1/2011 12:00:00 AM,7/31/2017 12:00:00 AM,0,0
1410003,14100,PHL,Philadelphia International,"Philadelphia, PA",2301,23,United States,US,Pennsylvania,PA,42,3410001,34100,"Philadelphia, PA",2301,23,39,N,52,19,39.87194444,75,W,14,26,-75.24055556,-0500,8/1/2017 12:00:00 AM,10/31/2017 12:00:00 AM,0,0
1410004,14100,PHL,Philadelphia International,"Philadelphia, PA",2301,23,United States,US,Pennsylvania,PA,42,3410001,34100,"Philadelphia, PA",2301,23,39,N,52,20,39.87222222,75,W,14,27,-75.24083333,-0500,11/1/2017 12:00:00 AM,11/30/2017 12:00:00 AM,0,0
1410005,14100,PHL,Philadelphia International,"Philadelphia, PA",2301,23,United States,US,Pennsylvania,PA,42,3410001,34100,"Philadelphia, PA",2301,23,39,N,52,19,39.87194444,75,W,14,26,-75.24055556,-0500,12/1/2017 12:00:00 AM,6/30/2025 12:00:00 AM,0,0
1410701,14107,PHX,Phoenix Sky Harbor International,"Phoenix, AZ",8101,81,United States,US,Arizona,AZ,04,3046601,30466,"Phoenix, AZ",8101,81,33,N,26,10,33.43611111,112,W,0,34,-112.00944444,-0700,1/1/1950 12:00:00 AM,6/30/2011 12:00:00 AM,0,0
1410702,14107,PHX,Phoenix Sky Harbor International,"Phoenix, AZ",8101,81,United States,US,Arizona,AZ,04,3046601,30466,"Phoenix, AZ",8101,81,33,N,26,3,33.43416667,112,W,0,42,-112.01166667,-0700,7/1/2011 12:00:00 AM,6/30/2025 12:00:00 AM,0,0
1410803,14108,PIA,General Downing - Peoria International,"Peoria, IL",4101,41,United States,US,Illinois,IL,17,3410801,34108,"Peoria, IL",4101,41,40,N,39,51,40.66416667,89,W,41,36,-89.69333333,-0600,7/1/2011 12:00:00 AM,6/30/2025 12:00:00 AM,0,0
1411301,14113,PIH,Pocatello Regional,"Pocatello, ID",8301,83,United States,US,Idaho,ID,16,3411301,34113,"Pocatello, ID",8301,83,42,N,54,48,42.91333333,112,W,35,40,-112.59444444,-0700,1/1/1950 12:00:00 AM,6/30/2011 12:00:00 AM,0,0
1411302,14113,PIH,Pocatello Regional,"Pocatello, ID",8301,83,United States,US,Idaho,ID,16,3411301,34113,"Pocatello, ID",8301,83,42,N,54,35,42.90972222,112,W,35,45,-112.59583333,-0700,7/1/2011 12:00:00 AM,6/30/2025 12:00:00 AM,0,0
1412201,14122,PIT,Pittsburgh International,"Pittsburgh, PA",2301,23,United States,US,Pennsylvania,PA,42,3019801,30198,"Pittsburgh, PA",2301,23,40,N,29,48,40.49666667,80,W,14,9,-80.23583333,-0500,1/1/1950 12:00:00 AM,6/30/2011 12:00:00 AM,0,0
1412202,14122,PIT,Pittsburgh International,"Pittsburgh, PA",2301,23,United States,US,Pennsylvania,PA,42,3019801,30198,"Pittsburgh, PA",2301,23,40,N,29,29,40.49138889,80,W,13,58,-80.23277778,-0500,7/1/2011 12:00:00 AM,,0,1
1419306,14193,PNS,Pensacola International,"Pensacola, FL",3301,33,United States,US,Florida,FL,12,3372801,33728,"Pensacola, FL",3301,33,30,N,28,24,30.47333333,87,W,11,12,-87.18666667,-0600,12/1/2017 12:00:00 AM,6/30/2025 12:00:00 AM,0,0
1423706,14237,PRC,Prescott Regional Ernest A Love Field,"Prescott, AZ",8101,81,United States,US,Arizona,AZ,04,3423701,34237,"Prescott, AZ",8101,81,34,N,39,17,34.65472222,112,W,25,9,-112.41916667,-0700,7/1/2019 12:00:00 AM,,0,1
1425201,14252,PSC,Tri Cities,"Pasco/Kennewick/Richland, WA",9301,93,United States,US,Washington,WA,53,3425201,34252,"Pasco/Kennewick/Richland, WA",9301,93,46,N,15,50,46.26388889,119,W,6,53,-119.11472222,-0800,1/1/1950 12:00:00 AM,6/30/2011 12:00:00 AM,0,0
1425202,14252,PSC,Tri Cities,"Pasco/Kennewick/Richland, WA",9301,93,United States,US,Washington,WA,53,3425201,34252,"Pasco/Kennewick/Richland, WA",9301,93,46,N,15,53,46.26472222,119,W,7,9,-119.11916667,-0800,7/1/2011 12:00:00 AM,9/30/2022 12:00:00 AM,0,0
1425203,14252,PSC,Tri Cities,"Pasco/Kennewick/Richland, WA",9301,93,United States,US,Washington,WA,53,3425201,34252,"Pasco/Kennewick/Richland, WA",9301,93,46,N,15,53,46.26472222,119,W,7,8,-119.11888889,-0800,10/1/2022 12:00:00 AM,,0,1
1426201,14262,PSP,Palm Springs International,"Palm Springs, CA",9101,91,United States,US,California,CA,06,3426201,34262,"Palm Springs, CA",9101,91,33,N,49,36,33.82666667,116,W,30,18,-116.50500000,-0800,1/1/1950 12:00:00 AM,6/30/2011 12:00:00 AM,0,0
1426202,14262,PSP,Palm Springs International,"Palm Springs, CA",9101,91,United States,US,California,CA,06,3426201,34262,"Palm Springs, CA",9101,91,33,N,49,47,33.82972222,116,W,30,24,-116.50666667,-0800,7/1/2011 12:00:00 AM,5/31/2015 12:00:00 AM,0,0
1426203,14262,PSP,Palm Springs International,"Palm Springs, CA",9101,91,United States,US,California,CA,06,3426201,34262,"Palm Springs, CA",9101,91,33,N,49,48,33.83000000,116,W,30,22,-116.50611111,-0800,6/1/2015 12:00:00 AM,7/31/2015 12:00:00 AM,0,0
1426204,14262,PSP,Palm Springs International,"Palm Springs, CA",9101,91,United States,US,California,CA,06,3426201,34262,"Palm Springs, CA",9101,91,33,N,49,47,33.82972222,116,W,30,24,-116.50666667,-0800,8/1/2015 12:00:00 AM,,0,1
1428801,14288,PUB,Pueblo Memorial,"Pueblo, CO",8201,82,United States,US,Colorado,CO,08,3428801,34288,"Pueblo, CO",8201,82,38,N,17,34,38.29277778,104,W,29,46,-104.49611111,-0700,1/1/1950 12:00:00 AM,6/30/2011 12:00:00 AM,0,0
1428803,14288,PUB,Pueblo Memorial,"Pueblo, CO",8201,82,United States,US,Colorado,CO,08,3428801,34288,"Pueblo, CO",8201,82,38,N,17,24,38.29000000,104,W,29,53,-104.49805556,-0700,6/1/2013 12:00:00 AM,10/31/2017 12:00:00 AM,0,0
1428805,14288,PUB,Pueblo Memorial,"Pueblo, CO",8201,82,United States,US,Colorado,CO,08,3428801,34288,"Pueblo, CO",8201,82,38,N,17,24,38.29000000,104,W,29,53,-104.49805556,-0700,12/1/2017 12:00:00 AM,,0,1
1430701,14307,PVD,Theodore Francis Green State,"Providence, RI",1501,15,United States,US,Rhode Island,RI,44,3072101,30721,"Boston, MA (Metropolitan Area)",1301,13,41,N,43,42,41.72833333,71,W,25,34,-71.42611111,-0500,1/1/1950 12:00:00 AM,6/30/2011 12:00:00 AM,0,0
1430705,14307,PVD,Theodore Francis Green State,"Providence, RI",1501,15,United States,US,Rhode Island,RI,44,3072101,30721,"Boston, MA (Metropolitan Area)",1301,13,41,N,43,20,41.72222222,71,W,25,40,-71.42777778,-0500,12/1/2017 12:00:00 AM,9/30/2022 12:00:00 AM,0,0
1431401,14314,PVU,Provo Municipal,"Provo, UT",8701,87,United States,US,Utah,UT,49,3431401,34314,"Provo, UT",8701,87,40,N,13,5,40.21805556,111,W,43,20,-111.72222222,-0700,1/1/1950 12:00:00 AM,6/30/2011 12:00:00 AM,0,0
1431402,14314,PVU,Provo Municipal,"Provo, UT",8701,87,United States,US,Utah,UT,49,3431401,34314,"Provo, UT",8701,87,40,N,13,9,40.21916667,111,W,43,24,-111.72333333,-0700,7/1/2011 12:00:00 AM,6/30/2025 12:00:00 AM,0,0
1445701,14457,RAP,Rapid City Regional,"Rapid City, SD",6701,67,United States,US,South Dakota,SD,46,3445701,34457,"Rapid City, SD",6701,67,44,N,2,43,44.04527778,103,W,3,25,-103.05694444,-0700,1/1/1950 12:00:00 AM,6/30/2011 12:00:00 AM,0,0
1445702,14457,RAP,Rapid City Regional,"Rapid City, SD",6701,67,United States,US,South Dakota,SD,46,3445701,34457,"Rapid City, SD",6701,67,44,N,2,43,44.04527778,103,W,3,26,-103.05722222,-0700,7/1/2011 12:00:00 AM,6/30/2025 12:00:00 AM,0,0
1447501,14475,RCA,Ellsworth AFB,"Rapid City, SD",6701,67,United States,US,South Dakota,SD,46,3445701,34457,"Rapid City, SD",6701,67,44,N,8,42,44.14500000,103,W,6,11,-103.10305556,-0700,1/1/1950 12:00:00 AM,6/30/2011 12:00:00 AM,0,0
1448701,14487,RDD,Redding Municipal,"Redding, CA",9101,91,United States,US,California,CA,06,3379201,33792,"Redding, CA",9101,91,40,N,30,30,40.50833333,122,W,17,32,-122.29222222,-0800,1/1/1950 12:00:00 AM,6/30/2011 12:00:00 AM,0,0
1448901,14489,RDM,Roberts Field,"Bend/Redmond, OR",9201,92,United States,US,Oregon,OR,41,3448901,34489,"Bend/Redmond, OR",9201,92,44,N,15,16,44.25444444,121,W,9,5,-121.15138889,-0800,1/1/1950 12:00:00 AM,6/30/2011 12:00:00 AM,0,0
1448902,14489,RDM,Roberts Field,"Bend/Redmond, OR",9201,92,United States,US,Oregon,OR,41,3448901,34489,"Bend/Redmond, OR",9201,92,44,N,15,15,44.25416667,121,W,9,0,-121.15000000,-0800,7/1/2011 12:00:00 AM,9/30/2022 12:00:00 AM,0,0
1448903,14489,RDM,Roberts Field,"Bend/Redmond, OR",9201,92,United States,US,Oregon,OR,41,3448901,34489,"Bend/Redmond, OR",9201,92,44,N,15,15,44.25416667,121,W,9,2,-121.15055556,-0800,10/1/2022 12:00:00 AM,,0,1
1449201,14492,RDU,Raleigh-Durham International,"Raleigh/Durham, NC",3601,36,United States,US,North Carolina,NC,37,3449201,34492,"Raleigh/Durham, NC",3601,36,35,N,52,31,35.87527778,78,W,46,55,-78.78194444,-0500,1/1/1950 12:00:00 AM,6/30/2011 12:00:00 AM,0,0
1449202,14492,RDU,Raleigh-Durham International,"Raleigh/Durham, NC",3601,36,United States,US,North Carolina,NC,37,3449201,34492,"Raleigh/Durham, NC",3601,36,35,N,52,40,35.87777778,78,W,47,15,-78.78750000,-0500,7/1/2011 12:00:00 AM,6/30/2025 12:00:00 AM,0,0
1451201,14512,RFD,Chicago/Rockford International,"Rockford, IL",4101,41,United States,US,Illinois,IL,17,3451201,34512,"Rockford, IL",4101,41,42,N,11,50,42.19722222,89,W,5,33,-89.09250000,-0600,1/1/1950 12:00:00 AM,6/30/2011 12:00:00 AM,0,0
1451202,14512,RFD,Chicago/Rockford International,"Rockford, IL",4101,41,United States,US,Illinois,IL,17,3451201,34512,"Rockford, IL",4101,41,42,N,11,43,42.19527778,89,W,5,50,-89.09722222,-0600,7/1/2011 12:00:00 AM,,0,1
1452401,14524,RIC,Richmond International,"Richmond, VA",3801,38,United States,US,Virginia,VA,51,3452401,34524,"Richmond, VA",3801,38,37,N,30,19,37.50527778,77,W,19,11,-77.31972222,-0500,1/1/1950 12:00:00 AM,6/30/2025 12:00:00 AM,0,0
1453403,14534,RIW,Central Wyoming Regional,"Riverton/Lander, WY",8801,88,United States,US,Wyoming,WY,56,3453401,34534,"Riverton/Lander, WY",8801,88,43,N,3,51,43.06416667,108,W,27,35,-108.45972222,-0700,10/1/2022 12:00:00 AM,6/30/2025 12:00:00 AM,0,0
1454301,14543,RKS,Rock Springs Sweetwater County,"Rock Springs, WY",8801,88,United States,US,Wyoming,WY,56,3454301,34543,"Rock Springs, WY",8801,88,41,N,35,47,41.59638889,109,W,3,57,-109.06583333,-0700,1/1/1950 12:00:00 AM,6/30/2011 12:00:00 AM,0,0
1454302,14543,RKS,Rock Springs Sweetwater County,"Rock Springs, WY",8801,88,United States,US,Wyoming,WY,56,3454301,34543,"Rock Springs, WY",8801,88,41,N,35,39,41.59416667,109,W,3,55,-109.06527778,-0700,7/1/2011 12:00:00 AM,9/30/2018 12:00:00 AM,0,0
1454303,14543,RKS,Southwest Wyoming Regional,"Rock Springs, WY",8801,88,United States,US,Wyoming,WY,56,3454301,34543,"Rock Springs, WY",8801,88,41,N,35,39,41.59416667,109,W,3,55,-109.06527778,-0700,10/1/2018 12:00:00 AM,,0,1
1457001,14570,RNO,Reno/Tahoe International,"Reno, NV",8501,85,United States,US,Nevada,NV,32,3457001,34570,"Reno, NV",8501,85,39,N,29,52,39.49777778,119,W,46,3,-119.76750000,-0800,1/1/1950 12:00:00 AM,6/30/2011 12:00:00 AM,0,0
1457002,14570,RNO,Reno/Tahoe International,"Reno, NV",8501,85,United States,US,Nevada,NV,32,3457001,34570,"Reno, NV",8501,85,39,N,29,57,39.49916667,119,W,46,5,-119.76805556,-0800,7/1/2011 12:00:00 AM,,0,1
1457604,14576,ROC,Greater Rochester International,"Rochester, NY",2201,22,United States,US,New York,NY,36,3457601,34576,"Rochester, NY",2201,22,43,N,7,9,43.11916667,77,W,40,19,-77.67194444,-0500,10/1/2011 12:00:00 AM,10/31/2017 12:00:00 AM,0,0
1458801,14588,ROW,Roswell International Air Center,"Roswell, NM",8601,86,United States,US,New Mexico,NM,35,3458801,34588,"Roswell, NM",8601,86,33,N,18,6,33.30166667,104,W,31,50,-104.53055556,-0700,1/1/1950 12:00:00 AM,7/31/2017 12:00:00 AM,0,0
1463303,14633,RST,Rochester International,"Rochester, MN",6301,63,United States,US,Minnesota,MN,27,3254701,32547,"Rochester, MN",6301,63,43,N,54,30,43.90833333,92,W,30,0,-92.50000000,-0600,7/1/2011 12:00:00 AM,6/30/2025 12:00:00 AM,0,0
1463502,14635,RSW,Southwest Florida International,"Fort Myers, FL",3301,33,United States,US,Florida,FL,12,3171401,31714,"Fort Myers, FL",3301,33,26,N,32,10,26.53611111,81,W,45,19,-81.75527778,-0500,7/1/2011 12:00:00 AM,,0,1
1467402,14674,SAF,Santa Fe Municipal,"Santa Fe, NM",8601,86,United States,US,New Mexico,NM,35,3467401,34674,"Santa Fe, NM",8601,86,35,N,37,2,35.61722222,106,W,5,22,-106.08944444,-0700,7/1/2011 12:00:00 AM,6/30/2025 12:00:00 AM,0,0
1467901,14679,SAN,San Diego International Lindbergh Fl,"San Diego, CA",9101,91,United States,US,California,CA,06,3357001,33570,"San Diego, CA",9101,91,32,N,43,58,32.73277778,117,W,11,14,-117.18722222,-0800,1/1/1950 12:00:00 AM,12/31/1990 12:00:00 AM,0,0
1467902,14679,SAN,San Diego International,"San Diego, CA",9101,91,United States,US,California,CA,06,3357001,33570,"San Diego, CA",9101,91,32,N,44,1,32.73361111,117,W,11,12,-117.18666667,-0800,1/1/1991 12:00:00 AM,6/30/2011 12:00:00 AM,0,0
1467903,14679,SAN,San Diego International,"San Diego, CA",9101,91,United States,US,California,CA,06,3357001,33570,"San Diego, CA",9101,91,32,N,44,1,32.73361111,117,W,11,23,-117.18972222,-0800,7/1/2011 12:00:00 AM,,0,1
1468301,14683,SAT,San Antonio International,"San Antonio, TX",7401,74,United States,US,Texas,TX,48,3321401,33214,"San Antonio, TX",7401,74,29,N,32,0,29.53333333,98,W,28,10,-98.46944444,-0600,1/1/1950 12:00:00 AM,6/30/2011 12:00:00 AM,0,0
1468302,14683,SAT,San Antonio International,"San Antonio, TX",7401,74,United States,US,Texas,TX,48,3321401,33214,"San Antonio, TX",7401,74,29,N,32,1,29.53361111,98,W,28,11,-98.46972222,-0600,7/1/2011 12:00:00 AM,10/31/2012 12:00:00 AM,0,0
1468303,14683,SAT,San Antonio International,"San Antonio, TX",7401,74,United States,US,Texas,TX,48,3321401,33214,"San Antonio, TX",7401,74,29,N,32,2,29.53388889,98,W,28,9,-98.46916667,-0600,11/1/2012 12:00:00 AM,10/31/2017 12:00:00 AM,0,0
1468304,14683,SAT,San Antonio International,"San Antonio, TX",7401,74,United States,US,Texas,TX,48,3321401,33214,"San Antonio, TX",7401,74,29,N,32,1,29.53361111,98,W,28,11,-98.46972222,-0600,11/1/2017 12:00:00 AM,11/30/2017 12:00:00 AM,0,0
1468305,14683,SAT,San Antonio International,"San Antonio, TX",7401,74,United States,US,Texas,TX,48,3321401,33214,"San Antonio, TX",7401,74,29,N,32,2,29.53388889,98,W,28,9,-98.46916667,-0600,12/1/2017 12:00:00 AM,6/30/2025 12:00:00 AM,0,0
1468502,14685,SAV,Savannah/Hilton Head International,"Savannah, GA",3401,34,United States,US,Georgia,GA,13,3468501,34685,"Savannah, GA",3401,34,32,N,7,39,32.12750000,81,W,12,8,-81.20222222,-0500,7/1/2011 12:00:00 AM,6/30/2025 12:00:00 AM,0,0
1468901,14689,SBA,Santa Barbara Municipal,"Santa Barbara, CA",9101,91,United States,US,California,CA,06,3468901,34689,"Santa Barbara, CA",9101,91,34,N,25,40,34.42777778,119,W,50,22,-119.83944444,-0800,1/1/1950 12:00:00 AM,6/30/2011 12:00:00 AM,0,0
1468902,14689,SBA,Santa Barbara Municipal,"Santa Barbara, CA",9101,91,United States,US,California,CA,06,3468901,34689,"Santa Barbara, CA",9101,91,34,N,25,34,34.42611111,119,W,50,29,-119.84138889,-0800,7/1/2011 12:00:00 AM,6/30/2025 12:00:00 AM,0,0
1469603,14696,SBN,South Bend Regional,"South Bend, IN",4201,42,United States,US,Indiana,IN,18,3469601,34696,"South Bend, IN",4201,42,41,N,42,17,41.70472222,86,W,19,0,-86.31666667,-0500,1/1/2006 12:00:00 AM,6/30/2011 12:00:00 AM,0,0
1469606,14696,SBN,South Bend International,"South Bend, IN",4201,42,United States,US,Indiana,IN,18,3469601,34696,"South Bend, IN",4201,42,41,N,42,30,41.70833333,86,W,19,2,-86.31722222,-0500,6/1/2014 12:00:00 AM,10/31/2017 12:00:00 AM,0,0
1469801,14698,SBP,San Luis Obispo County Regional,"San Luis Obispo, CA",9101,91,United States,US,California,CA,06,3423601,34236,"Paso Robles/San Luis Obispo, CA",9101,91,35,N,14,12,35.23666667,120,W,38,21,-120.63916667,-0800,1/1/1950 12:00:00 AM,6/30/2011 12:00:00 AM,0,0
1469802,14698,SBP,San Luis County Regional,"San Luis Obispo, CA",9101,91,United States,US,California,CA,06,3423601,34236,"Paso Robles/San Luis Obispo, CA",9101,91,35,N,14,14,35.23722222,120,W,38,33,-120.64250000,-0800,7/1/2011 12:00:00 AM,6/30/2025 12:00:00 AM,0,0
1473002,14730,SDF,Louisville International-Standiford Field,"Louisville, KY",5201,52,United States,US,Kentucky,KY,21,3304401,33044,"Louisville, KY",5201,52,38,N,10,47,38.17972222,85,W,44,19,-85.73861111,-0500,7/1/1995 12:00:00 AM,6/30/2011 12:00:00 AM,0,0
1473003,14730,SDF,Louisville International-Standiford Field,"Louisville, KY",5201,52,United States,US,Kentucky,KY,21,3304401,33044,"Louisville, KY",5201,52,38,N,10,27,38.17416667,85,W,44,11,-85.73638889,-0500,7/1/2011 12:00:00 AM,8/31/2019 12:00:00 AM,0,0
1473004,14730,SDF,Louisville Muhammad Ali International,"Louisville, KY",5201,52,United States,US,Kentucky,KY,21,3304401,33044,"Louisville, KY",5201,52,38,N,10,27,38.17416667,85,W,44,11,-85.73638889,-0500,9/1/2019 12:00:00 AM,,0,1
1474702,14747,SEA,Seattle/Tacoma International,"Seattle, WA",9301,93,United States,US,Washington,WA,53,3055901,30559,"Seattle, WA",9301,93,47,N,26,57,47.44916667,122,W,18,29,-122.30805556,-0800,12/1/1983 12:00:00 AM,6/30/2011 12:00:00 AM,0,0
1474703,14747,SEA,Seattle/Tacoma International,"Seattle, WA",9301,93,United States,US,Washington,WA,53,3055901,30559,"Seattle, WA",9301,93,47,N,27,0,47.45000000,122,W,18,42,-122.31166667,-0800,7/1/2011 12:00:00 AM,,0,1
1477101,14771,SFO,San Francisco International,"San Francisco, CA",9101,91,United States,US,California,CA,06,3245701,32457,"San Francisco, CA (Metropolitan Area)",9101,91,37,N,37,8,37.61888889,122,W,22,30,-122.37500000,-0800,1/1/1950 12:00:00 AM,3/31/2015 12:00:00 AM,0,0
1477102,14771,SFO,San Francisco International,"San Francisco, CA",9101,91,United States,US,California,CA,06,3245701,32457,"San Francisco, CA (Metropolitan Area)",9101,91,37,N,37,8,37.61888889,122,W,22,32,-122.37555556,-0800,4/1/2015 12:00:00 AM,10/31/2017 12:00:00 AM,0,0
1477103,14771,SFO,San Francisco International,"San Francisco, CA",9101,91,United States,US,California,CA,06,3245701,32457,"San Francisco, CA (Metropolitan Area)",9101,91,37,N,37,8,37.61888889,122,W,22,30,-122.37500000,-0800,11/1/2017 12:00:00 AM,11/30/2017 12:00:00 AM,0,0
1477104,14771,SFO,San Francisco International,"San Francisco, CA",9101,91,United States,US,California,CA,06,3245701,32457,"San Francisco, CA (Metropolitan Area)",9101,91,37,N,37,8,37.61888889,122,W,22,32,-122.37555556,-0800,12/1/2017 12:00:00 AM,,0,1
1478301,14783,SGF,Springfield-Branson National,"Springfield, MO",6401,64,United States,US,Missouri,MO,29,3478301,34783,"Springfield, MO",6401,64,37,N,14,24,37.24000000,93,W,23,6,-93.38500000,-0600,1/1/1950 12:00:00 AM,6/30/2011 12:00:00 AM,0,0
1478302,14783,SGF,Springfield-Branson National,"Springfield, MO",6401,64,United States,US,Missouri,MO,29,3478301,34783,"Springfield, MO",6401,64,37,N,14,44,37.24555556,93,W,23,19,-93.38861111,-0600,7/1/2011 12:00:00 AM,,0,1
1479401,14794,SGU,St George Municipal,"St. George, UT",8701,87,United States,US,Utah,UT,49,3479401,34794,"St. George, UT",8701,87,37,N,5,35,37.09305556,113,W,35,32,-113.59222222,-0700,1/1/1950 12:00:00 AM,12/31/2010 12:00:00 AM,0,0
1479402,14794,SGU,St George Municipal,"St. George, UT",8701,87,United States,US,Utah,UT,49,3479401,34794,"St. George, UT",8701,87,37,N,2,11,37.03638889,113,W,30,37,-113.51027778,-0700,1/1/2011 12:00:00 AM,11/30/2015 12:00:00 AM,0,0
1479403,14794,SGU,St George Regional,"St. George, UT",8701,87,United States,US,Utah,UT,49,3479401,34794,"St. George, UT",8701,87,37,N,2,11,37.03638889,113,W,30,37,-113.51027778,-0700,12/1/2015 12:00:00 AM,10/31/2017 12:00:00 AM,0,0
1479404,14794,SGU,St George Municipal,"St. George, UT",8701,87,United States,US,Utah,UT,49,3479401,34794,"St. George, UT",8701,87,37,N,2,11,37.03638889,113,W,30,37,-113.51027778,-0700,11/1/2017 12:00:00 AM,11/30/2017 12:00:00 AM,0,0
1479405,14794,SGU,St George Regional,"St. George, UT",8701,87,United States,US,Utah,UT,49,3479401,34794,"St. George, UT",8701,87,37,N,2,11,37.03638889,113,W,30,37,-113.51027778,-0700,12/1/2017 12:00:00 AM,,0,1
1481401,14814,SHV,Shreveport Regional,"Shreveport, LA",7201,72,United States,US,Louisiana,LA,22,3047601,30476,"Shreveport, LA",7201,72,32,N,26,49,32.44694444,93,W,49,32,-93.82555556,-0600,1/1/1950 12:00:00 AM,6/30/2011 12:00:00 AM,0,0
1481402,14814,SHV,Shreveport Regional,"Shreveport, LA",7201,72,United States,US,Louisiana,LA,22,3047601,30476,"Shreveport, LA",7201,72,32,N,26,48,32.44666667,93,W,49,32,-93.82555556,-0600,7/1/2011 12:00:00 AM,9/30/2022 12:00:00 AM,0,0
1483101,14831,SJC,San Jose International,"San Jose, CA",9101,91,United States,US,California,CA,06,3245701,32457,"San Francisco, CA (Metropolitan Area)",9101,91,37,N,21,46,37.36277778,121,W,56,26,-121.94055556,-0800,1/1/1950 12:00:00 AM,10/31/2001 12:00:00 AM,0,0
1483102,14831,SJC,Norman Y. Mineta San Jose International,"San Jose, CA",9101,91,United States,US,California,CA,06,3245701,32457,"San Francisco, CA (Metropolitan Area)",9101,91,37,N,21,46,37.36277778,121,W,56,26,-121.94055556,-0800,11/1/2001 12:00:00 AM,6/30/2011 12:00:00 AM,0,0
1483103,14831,SJC,Norman Y. Mineta San Jose International,"San Jose, CA",9101,91,United States,US,California,CA,06,3245701,32457,"San Francisco, CA (Metropolitan Area)",9101,91,37,N,21,46,37.36277778,121,W,55,45,-121.92916667,-0800,7/1/2011 12:00:00 AM,6/30/2016 12:00:00 AM,0,0
1483104,14831,SJC,Norman Y. Mineta San Jose International,"San Jose, CA",9101,91,United States,US,California,CA,06,3245701,32457,"San Francisco, CA (Metropolitan Area)",9101,91,37,N,21,47,37.36305556,121,W,55,43,-121.92861111,-0800,7/1/2016 12:00:00 AM,10/31/2017 12:00:00 AM,0,0
1483105,14831,SJC,Norman Y. Mineta San Jose International,"San Jose, CA",9101,91,United States,US,California,CA,06,3245701,32457,"San Francisco, CA (Metropolitan Area)",9101,91,37,N,21,46,37.36277778,121,W,55,45,-121.92916667,-0800,11/1/2017 12:00:00 AM,11/30/2017 12:00:00 AM,0,0
1483106,14831,SJC,Norman Y. Mineta San Jose International,"San Jose, CA",9101,91,United States,US,California,CA,06,3245701,32457,"San Francisco, CA (Metropolitan Area)",9101,91,37,N,21,47,37.36305556,121,W,55,43,-121.92861111,-0800,12/1/2017 12:00:00 AM,,0,1
1486901,14869,SLC,Salt Lake City International,"Salt Lake City, UT",8701,87,United States,US,Utah,UT,49,3461401,34614,"Salt Lake City, UT",8701,87,40,N,47,3,40.78416667,111,W,58,1,-111.96694444,-0700,1/1/1950 12:00:00 AM,8/31/1994 12:00:00 AM,0,0
1486902,14869,SLC,Salt Lake City International,"Salt Lake City, UT",8701,87,United States,US,Utah,UT,49,3461401,34614,"Salt Lake City, UT",8701,87,40,N,47,13,40.78694444,111,W,58,8,-111.96888889,-0700,9/1/1994 12:00:00 AM,6/30/2011 12:00:00 AM,0,0
1486903,14869,SLC,Salt Lake City International,"Salt Lake City, UT",8701,87,United States,US,Utah,UT,49,3461401,34614,"Salt Lake City, UT",8701,87,40,N,47,18,40.78833333,111,W,58,40,-111.97777778,-0700,7/1/2011 12:00:00 AM,,0,1
1487101,14871,SLE,McNary Field,"Salem, OR",9201,92,United States,US,Oregon,OR,41,3487101,34871,"Salem, OR",9201,92,44,N,54,37,44.91027778,123,W,0,5,-123.00138889,-0800,1/1/1950 12:00:00 AM,6/30/2011 12:00:00 AM,0,0
1487102,14871,SLE,McNary Field,"Salem, OR",9201,92,United States,US,Oregon,OR,41,3487101,34871,"Salem, OR",9201,92,44,N,54,34,44.90944444,123,W,0,9,-123.00250000,-0800,7/1/2011 12:00:00 AM,6/30/2025 12:00:00 AM,0,0
1489301,14893,SMF,Sacramento International,"Sacramento, CA",9101,91,United States,US,California,CA,06,3319201,33192,"Sacramento, CA",9101,91,38,N,41,44,38.69555556,121,W,35,23,-121.58972222,-0800,1/1/1950 12:00:00 AM,6/30/2011 12:00:00 AM,0,0
1489302,14893,SMF,Sacramento International,"Sacramento, CA",9101,91,United States,US,California,CA,06,3319201,33192,"Sacramento, CA",9101,91,38,N,41,44,38.69555556,121,W,35,27,-121.59083333,-0800,7/1/2011 12:00:00 AM,,0,1
1490802,14908,SNA,John Wayne Airport-Orange County,"Santa Ana, CA",9101,91,United States,US,California,CA,06,3257501,32575,"Los Angeles, CA (Metropolitan Area)",9101,91,33,N,40,32,33.67555556,117,W,52,2,-117.86722222,-0800,6/1/1979 12:00:00 AM,6/30/2011 12:00:00 AM,0,0
1490803,14908,SNA,John Wayne Airport-Orange County,"Santa Ana, CA",9101,91,United States,US,California,CA,06,3257501,32575,"Los Angeles, CA (Metropolitan Area)",9101,91,33,N,40,32,33.67555556,117,W,52,6,-117.86833333,-0800,7/1/2011 12:00:00 AM,6/30/2025 12:00:00 AM,0,0
1495203,14952,SPI,Abraham Lincoln Capital,"Springfield, IL",4101,41,United States,US,Illinois,IL,17,3495201,34952,"Springfield, IL",4101,41,39,N,50,39,39.84416667,89,W,40,41,-89.67805556,-0600,7/1/2011 12:00:00 AM,6/30/2025 12:00:00 AM,0,0
1496001,14960,SPS,Sheppard AFB/Wichita Falls Municipal,"Wichita Falls, TX",7401,74,United States,US,Texas,TX,48,3496001,34960,"Wichita Falls, TX",7401,74,33,N,59,18,33.98833333,98,W,29,31,-98.49194444,-0600,1/1/1950 12:00:00 AM,6/30/2011 12:00:00 AM,0,0
1496002,14960,SPS,Sheppard AFB/Wichita Falls Municipal,"Wichita Falls, TX",7401,74,United States,US,Texas,TX,48,3496001,34960,"Wichita Falls, TX",7401,74,33,N,59,20,33.98888889,98,W,29,31,-98.49194444,-0600,7/1/2011 12:00:00 AM,,0,1
1498603,14986,SRQ,Sarasota/Bradenton International,"Sarasota/Bradenton, FL",3301,33,United States,US,Florida,FL,12,3498601,34986,"Sarasota/Bradenton, FL",3301,33,27,N,23,44,27.39555556,82,W,33,16,-82.55444444,-0500,7/1/2011 12:00:00 AM,,0,1
1501601,15016,STL,Lambert-St. Louis International,"St. Louis, MO",6401,64,United States,US,Missouri,MO,29,3112301,31123,"St. Louis, MO",6401,64,38,N,44,50,38.74722222,90,W,21,52,-90.36444444,-0600,1/1/1950 12:00:00 AM,11/30/2002 12:00:00 AM,0,0
1501602,15016,STL,Lambert-St. Louis International,"St. Louis, MO",6401,64,United States,US,Missouri,MO,29,3112301,31123,"St. Louis, MO",6401,64,38,N,44,52,38.74777778,90,W,21,36,-90.36000000,-0600,12/1/2002 12:00:00 AM,6/30/2011 12:00:00 AM,0,0
1501603,15016,STL,Lambert-St. Louis International,"St. Louis, MO",6401,64,United States,US,Missouri,MO,29,3112301,31123,"St. Louis, MO",6401,64,38,N,44,55,38.74861111,90,W,22,12,-90.37000000,-0600,7/1/2011 12:00:00 AM,7/31/2017 12:00:00 AM,0,0
1501604,15016,STL,St Louis Lambert International,"St. Louis, MO",6401,64,United States,US,Missouri,MO,29,3112301,31123,"St. Louis, MO",6401,64,38,N,44,55,38.74861111,90,W,22,12,-90.37000000,-0600,8/1/2017 12:00:00 AM,10/31/2017 12:00:00 AM,0,0
1501605,15016,STL,Lambert St Louis International,"St. Louis, MO",6401,64,United States,US,Missouri,MO,29,3112301,31123,"St. Louis, MO",6401,64,38,N,44,55,38.74861111,90,W,22,12,-90.37000000,-0600,11/1/2017 12:00:00 AM,11/30/2017 12:00:00 AM,0,0
1501606,15016,STL,St Louis Lambert International,"St. Louis, MO",6401,64,United States,US,Missouri,MO,29,3112301,31123,"St. Louis, MO",6401,64,38,N,44,55,38.74861111,90,W,22,12,-90.37000000,-0600,12/1/2017 12:00:00 AM,,0,1
1502305,15023,STS,Charles M. Schulz - Sonoma County,"Santa Rosa, CA",9101,91,United States,US,California,CA,06,3443301,34433,"Santa Rosa, CA",9101,91,38,N,30,35,38.50972222,122,W,48,46,-122.81277778,-0800,12/1/2017 12:00:00 AM,6/30/2025 12:00:00 AM,0,0
1504101,15041,SUN,Friedman Memorial,"Sun Valley/Hailey/Ketchum, ID",8301,83,United States,US,Idaho,ID,16,3504101,35041,"Sun Valley/Hailey/Ketchum, ID",8301,83,43,N,30,15,43.50416667,114,W,18,30,-114.30833333,-0700,1/1/1950 12:00:00 AM,6/30/2011 12:00:00 AM,0,0
1504102,15041,SUN,Friedman Memorial,"Sun Valley/Hailey/Ketchum, ID",8301,83,United States,US,Idaho,ID,16,3504101,35041,"Sun Valley/Hailey/Ketchum, ID",8301,83,43,N,30,14,43.50388889,114,W,17,44,-114.29555556,-0700,7/1/2011 12:00:00 AM,,0,1
1504802,15048,SUX,Sioux Gateway/Col. Bud Day Field,"Sioux City, IA",6101,61,United States,US,Iowa,IA,19,3504801,35048,"Sioux City, IA",6101,61,42,N,24,7,42.40194444,96,W,23,3,-96.38416667,-0600,5/1/2002 12:00:00 AM,6/30/2011 12:00:00 AM,0,0
1507002,15070,SWF,Stewart International,"Newburgh/Poughkeepsie, NY",2201,22,United States,US,New York,NY,36,3170301,31703,"New York City, NY (Metropolitan Area)",2201,22,41,N,30,15,41.50416667,74,W,6,17,-74.10472222,-0500,7/1/2011 12:00:00 AM,6/30/2019 12:00:00 AM,0,0
1507003,15070,SWF,New York Stewart International,"Newburgh/Poughkeepsie, NY",2201,22,United States,US,New York,NY,36,3170301,31703,"New York City, NY (Metropolitan Area)",2201,22,41,N,30,15,41.50416667,74,W,6,17,-74.10472222,-0500,7/1/2019 12:00:00 AM,,0,1
1509601,15096,SYR,Syracuse Hancock International,"Syracuse, NY",2201,22,United States,US,New York,NY,36,3509601,35096,"Syracuse, NY",2201,22,43,N,6,38,43.11055556,76,W,6,9,-76.10250000,-0500,1/1/1950 12:00:00 AM,6/30/2011 12:00:00 AM,0,0
1509602,15096,SYR,Syracuse Hancock International,"Syracuse, NY",2201,22,United States,US,New York,NY,36,3509601,35096,"Syracuse, NY",2201,22,43,N,6,40,43.11111111,76,W,6,23,-76.10638889,-0500,7/1/2011 12:00:00 AM,,0,1
1524901,15249,TLH,Tallahassee Regional,"Tallahassee, FL",3301,33,United States,US,Florida,FL,12,3524901,35249,"Tallahassee, FL",3301,33,30,N,23,59,30.39972222,84,W,21,7,-84.35194444,-0500,1/1/1950 12:00:00 AM,6/30/2011 12:00:00 AM,0,0
1524903,15249,TLH,Tallahassee Regional,"Tallahassee, FL",3301,33,United States,US,Florida,FL,12,3524901,35249,"Tallahassee, FL",3301,33,30,N,23,48,30.39666667,84,W,21,3,-84.35083333,-0500,2/1/2013 12:00:00 AM,5/31/2015 12:00:00 AM,0,0
1524906,15249,TLH,Tallahassee International,"Tallahassee, FL",3301,33,United States,US,Florida,FL,12,3524901,35249,"Tallahassee, FL",3301,33,30,N,23,48,30.39666667,84,W,21,3,-84.35083333,-0500,12/1/2017 12:00:00 AM,,0,1
1529502,15295,TOL,Toledo Express,"Toledo, OH",4401,44,United States,US,Ohio,OH,39,3516501,35165,"Toledo, OH",4401,44,41,N,35,13,41.58694444,83,W,48,28,-83.80777778,-0500,7/1/2011 12:00:00 AM,9/30/2022 12:00:00 AM,0,0
1530401,15304,TPA,Tampa International,"Tampa, FL",3301,33,United States,US,Florida,FL,12,3319501,33195,"Tampa, FL (Metropolitan Area)",3301,33,27,N,58,23,27.97305556,82,W,32,7,-82.53527778,-0500,1/1/1950 12:00:00 AM,6/30/2011 12:00:00 AM,0,0
1530402,15304,TPA,Tampa International,"Tampa, FL",3301,33,United States,US,Florida,FL,12,3319501,33195,"Tampa, FL (Metropolitan Area)",3301,33,27,N,58,32,27.97555556,82,W,32,0,-82.53333333,-0500,7/1/2011 12:00:00 AM,,0,1
1537001,15370,TUL,Tulsa International,"Tulsa, OK",7301,73,United States,US,Oklahoma,OK,40,3465301,34653,"Tulsa, OK",7301,73,36,N,11,52,36.19777778,95,W,53,23,-95.88972222,-0600,1/1/1950 12:00:00 AM,6/30/2011 12:00:00 AM,0,0
1537002,15370,TUL,Tulsa International,"Tulsa, OK",7301,73,United States,US,Oklahoma,OK,40,3465301,34653,"Tulsa, OK",7301,73,36,N,11,54,36.19833333,95,W,53,17,-95.88805556,-0600,7/1/2011 12:00:00 AM,6/30/2025 12:00:00 AM,0,0
1537601,15376,TUS,Tucson International,"Tucson, AZ",8101,81,United States,US,Arizona,AZ,04,3043601,30436,"Tucson, AZ",8101,81,32,N,6,58,32.11611111,110,W,56,26,-110.94055556,-0700,1/1/1950 12:00:00 AM,6/30/2011 12:00:00 AM,0,0
1537602,15376,TUS,Tucson International,"Tucson, AZ",8101,81,United States,US,Arizona,AZ,04,3043601,30436,"Tucson, AZ",8101,81,32,N,6,58,32.11611111,110,W,56,28,-110.94111111,-0700,7/1/2011 12:00:00 AM,2/28/2018 12:00:00 AM,0,0
1537603,15376,TUS,Tucson International,"Tucson, AZ",8101,81,United States,US,Arizona,AZ,04,3043601,30436,"Tucson, AZ",8101,81,32,N,7,8,32.11888889,110,W,56,40,-110.94444444,-0700,3/1/2018 12:00:00 AM,9/30/2018 12:00:00 AM,0,0
1537604,15376,TUS,Tucson International,"Tucson, AZ",8101,81,United States,US,Arizona,AZ,04,3043601,30436,"Tucson, AZ",8101,81,32,N,6,58,32.11611111,110,W,56,28,-110.94111111,-0700,10/1/2018 12:00:00 AM,6/30/2025 12:00:00 AM,0,0
1538901,15389,TWF,Joslin Field - Magic Valley Regional,"Twin Falls, ID",8301,83,United States,US,Idaho,ID,16,3538901,35389,"Twin Falls, ID",8301,83,42,N,28,55,42.48194444,114,W,29,12,-114.48666667,-0700,1/1/1950 12:00:00 AM,6/30/2011 12:00:00 AM,0,0
1538902,15389,TWF,Joslin Field - Magic Valley Regional,"Twin Falls, ID",8301,83,United States,US,Idaho,ID,16,3538901,35389,"Twin Falls, ID",8301,83,42,N,28,55,42.48194444,114,W,29,16,-114.48777778,-0700,7/1/2011 12:00:00 AM,6/30/2025 12:00:00 AM,0,0
1541202,15412,TYS,McGhee Tyson,"Knoxville, TN",5401,54,United States,US,Tennessee,TN,47,3541201,35412,"Knoxville, TN",5401,54,35,N,48,39,35.81083333,83,W,59,39,-83.99416667,-0500,7/1/2011 12:00:00 AM,9/30/2015 12:00:00 AM,0,0
1541203,15412,TYS,McGhee Tyson,"Knoxville, TN",5401,54,United States,US,Tennessee,TN,47,3541201,35412,"Knoxville, TN",5401,54,35,N,48,34,35.80944444,83,W,59,43,-83.99527778,-0500,10/1/2015 12:00:00 AM,10/31/2017 12:00:00 AM,0,0
1558202,15582,VEL,Vernal Regional,"Vernal, UT",8701,87,United States,US,Utah,UT,49,3558201,35582,"Vernal, UT",8701,87,40,N,26,27,40.44083333,109,W,30,36,-109.51000000,-0700,7/1/2011 12:00:00 AM,11/30/2017 12:00:00 AM,0,0
1558203,15582,VEL,Vernal Regional,"Vernal, UT",8701,87,United States,US,Utah,UT,49,3558201,35582,"Vernal, UT",8701,87,40,N,26,10,40.43611111,109,W,30,41,-109.51138889,-0700,12/1/2017 12:00:00 AM,,0,1
1589701,15897,WYS,Yellowstone,"West Yellowstone, MT",8401,84,United States,US,Montana,MT,30,3589701,35897,"West Yellowstone, MT",8401,84,44,N,41,12,44.68666667,111,W,6,17,-111.10472222,-0700,1/1/1950 12:00:00 AM,6/30/2011 12:00:00 AM,0,0
1589702,15897,WYS,Yellowstone,"West Yellowstone, MT",8401,84,United States,US,Montana,MT,30,3589701,35897,"West Yellowstone, MT",8401,84,44,N,41,18,44.68833333,111,W,7,4,-111.11777778,-0700,7/1/2011 12:00:00 AM,,0,1
1591901,15919,XNA,Northwest Arkansas Regional,"Fayetteville, AR",7101,71,United States,US,Arkansas,AR,05,3183401,31834,"Fayetteville, AR",7101,71,36,N,16,55,36.28194444,94,W,18,25,-94.30694444,-0600,11/1/1998 12:00:00 AM,9/30/2011 12:00:00 AM,0,0
1591902,15919,XNA,Northwest Arkansas Regional,"Fayetteville, AR",7101,71,United States,US,Arkansas,AR,05,3183401,31834,"Fayetteville, AR",7101,71,36,N,16,54,36.28166667,94,W,18,28,-94.30777778,-0600,10/1/2011 12:00:00 AM,10/31/2017 12:00:00 AM,0,0
1591904,15919,XNA,Northwest Arkansas Regional,"Fayetteville, AR",7101,71,United States,US,Arkansas,AR,05,3183401,31834,"Fayetteville, AR",7101,71,36,N,16,54,36.28166667,94,W,18,28,-94.30777778,-0600,12/1/2017 12:00:00 AM,9/30/2022 12:00:00 AM,0,0
1591905,15919,XNA,Northwest Arkansas National,"Fayetteville, AR",7101,71,United States,US,Arkansas,AR,05,3183401,31834,"Fayetteville, AR",7101,71,36,N,16,54,36.28166667,94,W,18,28,-94.30777778,-0600,10/1/2022 12:00:00 AM,,0,1
1610101,16101,YKM,Yakima Air Terminal/McAllister Field,"Yakima, WA",9301,93,United States,US,Washington,WA,53,3610101,36101,"Yakima, WA",9301,93,46,N,34,1,46.56694444,120,W,32,16,-120.53777778,-0800,1/1/1950 12:00:00 AM,6/30/2011 12:00:00 AM,0,0
1610102,16101,YKM,Yakima Air Terminal/McAllister Field,"Yakima, WA",9301,93,United States,US,Washington,WA,53,3610101,36101,"Yakima, WA",9301,93,46,N,34,5,46.56805556,120,W,32,39,-120.54416667,-0800,7/1/2011 12:00:00 AM,,0,1
1621801,16218,YUM,Yuma MCAS/Yuma International,"Yuma, AZ",8101,81,United States,US,Arizona,AZ,04,3378501,33785,"Yuma, AZ",8101,81,32,N,39,24,32.65666667,114,W,36,21,-114.60583333,-0700,1/1/1950 12:00:00 AM,9/30/2018 12:00:00 AM,0,0
1644001,16440,AUS,Robert Mueller Municipal,"Austin, TX",7401,74,United States,US,Texas,TX,48,3042301,30423,"Austin, TX",7401,74,30,N,17,53,30.29805556,97,W,42,5,-97.70138889,-0600,1/1/1950 12:00:00 AM,5/31/1999 12:00:00 AM,1,1
